"STCode","CorrectId","CurrentDbId","IdChanged","LocationName"
"HA10","7","2636","Y","ITNGR"
"HB05","8","2862","Y","PTN-1(MAHARAJ A COMPLEX)"
"HB06","9","2865","Y","GAYA"
"HB07","10","2882","Y","BGPR-1(KACHARI CHOWK)"
"HB08","11","2872","Y","DRBG"
"HB09","12","2868","Y","BETIA"
"HB10","13","2888","Y","ARA"
"HB11","14","2943","Y","PURNIA"
"HB13","15","2937","Y","SWN"
"HB15","16","2869","Y","B-SRF"
"HB16","17","2931","Y","STMD"
"HB17","18","2935","Y","MTHR"
"HB19","19","2898","Y","SMSTPR-1"
"HB20","20","2878","Y","BEGUSARAI-3"
"HB21","21","2876","Y","SHRSA"
"HB22","22","2877","Y","BARH"
"HB24","23","2881","Y","BANKA"
"HB26","24","2864","Y","AURNGBD"
"HB29","25","2863","Y","PTN-2(SAGUNA MORE)"
"HB30","26","2932","Y","GOPALGANJ"
"HB31","27","2894","Y","MADHUBANI"
"HB32","28","2880","Y","SASARAM"
"HB34","29","2890","Y","PTN-3(ANISHA BAD)"
"HB35","30","2870","Y","CHPRA"
"HB36","31","2887","Y","HJPR"
"HB37","32","2860","Y","PTN-4(KURJI)"
"HB38","33","2883","Y","BGPR-2(TATARPUR CHOWK)"
"HB39","34","2879","Y","DEHRI ON SONE"
"HB41","35","2941","Y","PTN-5(PHULWARI SHARIF)"
"HB42","36","2891","Y","JAMUI"
"HB43","37","2939","Y","PTN-6(MATCHUATOLI)"
"HB44","38","2886","Y","MUNGER"
"HB45","39","2946","Y","PTN-7(PATNA CITY)"
"HB47","40","2884","Y","JAMALPUR"
"HB48","41","2892","Y","JEHANABAD"
"HB50","42","2874","Y","BHABUA"
"HB51","43","2938","Y","PTN-8(GOLA ROAD)"
"HB52","44","2897","Y","SAMASTIPUR (GC)"
"HB53","45","2889","Y","NAWADA"
"HB54","46","2942","Y","PATNA(SAHIB)"
"HB55","47","2873","Y","KHAGARIA"
"HB56","48","2934","Y","MOTIHARI"
"HC01","50","2780","Y","RAIPUR(COLORS MALL)-(V2)"
"HC02","51","2781","Y","AMBIKAPUR"
"HD22","53","2680","Y","KPSHR"
"HD24","54","2681","Y","BHAJANPURA"
"HD25","55","2684","Y","RANIBAGH"
"HD26","56","2682","Y","MHPL-2(VASANT KUNJ ROAD)"
"HD27","57","2692","Y","NARELA"
"HD28","58","2686","Y","MAHAVIR ENCLAVE"
"HD29","59","2685","Y","NAJAFGARH"
"HD30","60","2690","Y","KIRARI(APNA BAZAR)"
"HD31","61","2691","Y","BURARI"
"HG10","63","2566","Y","PNJM"
"HG11","64","2562","Y","BCHLM"
"HH13","65","2708","Y","FBD-2(NIT MARKET)"
"HI05","66","2739","Y","SLN"
"HI06","67","2741","Y","KANGRA"
"HJ08","68","2964","Y","JMD-1(SAKCHI)"
"HJ09","69","2950","Y","RNCH-1(MAIN ROAD)"
"HJ10","70","2955","Y","HZRBG"
"HJ11","71","2952","Y","DGHR"
"HJ12","72","2960","Y","R-DHWR"
"HJ14","74","2953","Y","DUMKA"
"HJ15","75","2951","Y","CHAS"
"HJ17","76","2966","Y","JMD-2(ADITYAPUR)"
"HJ19","77","2948","Y","RNCH-2(BHUTALA MALL)"
"HJ20","78","2965","Y","JMD-3(MANGO CHOWK)"
"HJ21","79","2956","Y","DHANBAD"
"HJ22","80","2963","Y","JMD-BISTUPUR"
"HJ23","81","2961","Y","CHAKRADHARPUR"
"HJ24","82","2967","Y","LOHARDAGA"
"HJ25","83","2962","Y","GAMAHRIA"
"HJ27","84","2947","Y","RAMGARH"
"HK04","85","2545","Y","HBL-1(AKSHAY PARK)"
"HK05","86","3025","Y","BELAGAVI-1(KOLAPUR CIRCLE)"
"HK07","87","2549","Y","VJPR"
"HK10","88","2556","Y","GLBRG"
"HK11","89","2544","Y","DHRWD"
"HK12","90","2551","Y","BELAGAVI-2(RPD ROAD)"
"HK13","91","2538","Y","MYSURU"
"HK14","92","2548","Y","JAMKHANDI"
"HK15","93","2555","Y","RAICHUR"
"HK16","94","2543","Y","HBL-2(PADMA TALKIES)"
"HK17","95","2537","Y","LEGACY MALL"
"HK18","96","2542","Y","HAVERI-(V2)"
"HK19","97","2554","Y","BAGALKOT"
"HK20","98","2547","Y","KOPPAL"
"HK21","99","2534","Y","TC PALYA"
"HM20","104","3030","Y","SGR"
"HM21","105","2912","Y","JBLPR"
"HM22","106","2928","Y","REWA"
"HM23","107","2921","Y","HARDA"
"HM24","108","2899","Y","BHOPAL (KOLAR ROAD)"
"HM25","109","2901","Y","BHOPAL-2(KAROND ROAD)"
"HM26","110","2922","Y","BURHANPUR"
"HM28","111","2927","Y","CHHINDWARA"
"HM29","112","2904","Y","HOSHANGABAD"
"HM30","113","2915","Y","KATNI (GOLE BAZAR)"
"HM31","114","2906","Y","GWALIOR"
"HM32","115","2913","Y","NARSINGHPUR-(BR)-(V2)"
"HM33","116","2924","Y","BETUL"
"HM35","117","2900","Y","BHOPAL (SERVICE ROAD)"
"HM36","118","2925","Y","KHARGONE"
"HM37","119","2917","Y","DEWAS"
"HM38","120","2905","Y","SEHORE(New Bus Stand)"
"HM39","121","2908","Y","SAGAR(CIVIL LINES)"
"HN10","122","2643","Y","GWHT -1(PALTAN BAZAR)"
"HN11","123","2652","Y","SLCHR-1(TULA-PATTY)"
"HN13","124","2674","Y","BRPT-1(BARPETA ROAD)"
"HN14","125","2658","Y","JRHT"
"HN15","126","2644","Y","GWHT-3(ADABARI)"
"HN21","127","2653","Y","AGTLA"
"HN22","128","2654","Y","SLCHR-2(UKIL-PATTY)"
"HN23","129","2665","Y","SHILLONG"
"HN25","130","2679","Y","BRPT-2(BARPETA TOWN)"
"HN26","131","2670","Y","TEZPUR"
"HN27","132","2639","Y","TINSUKIA"
"HN28","133","2660","Y","NALBARI"
"HN29","134","2661","Y","DIPHU"
"HN30","135","2723","Y","BONGAIGAON"
"HN33","136","2676","Y","DIBRUGARH"
"HN34","137","2724","Y","DHUBRI(BORO BAZAR)"
"HN39","138","2641","Y","BISWANATH CHARALI"
"HO08","141","2633","Y","O-BHRM-1(TELEPHONE BHAWAN)"
"HO09","142","2619","Y","CTK-1"
"HO10","143","2606","Y","BBSR-1(KRISHNA PLAZA)"
"HO11","144","2625","Y","JEYPORE"
"HO12","145","2602","Y","BBSR-2(PATRA PADA)"
"HO13","146","2604","Y","BBSR-3(PATIA)"
"HO15","147","2600","Y","JJPR"
"HO16","148","2618","Y","ANGUL"
"HO18","149","2565","Y","BLSRE"
"HO19","150","2564","Y","BHADRAK"
"HO20","152","2621","Y","NMPDA"
"HO23","153","2626","Y","KHORDA"
"HO24","154","2623","Y","RRKL"
"HO25","155","2613","Y","BRPD-1(DURGA BARI)"
"HO26","156","2605","Y","BBSR-4(RASULGARH)"
"HO27","157","2968","Y","BHRM-2(BANK ROAD)"
"HO28","158","2607","Y","BBSR-5(KALPANA)"
"HO29","159","2601","Y","KEONJHAR"
"HO30","160","2629","Y","JHARSUGUDA"
"HO31","161","2631","Y","SAMBHALPUR"
"HO32","162","2622","Y","PARADEEP"
"HO36","163","2615","Y","NUAPADA"
"HO38","164","2614","Y","BRPD-2(BALESHWAR BUILDING)"
"HO39","165","2616","Y","BARGARH"
"HO40","166","2628","Y","JHARSUGUDA-2"
"HP01","169","2751","Y","RUPNAGAR"
"HP02","170","2734","Y","GURDASPUR"
"HP03","171","2728","Y","PATHANKOT (OPTION 2)"
"HR17","176","2830","Y","BHILWARA-AJMER ROAD"
"HR18","177","2831","Y","KISHANGARH"
"HR19","178","2822","Y","CHITTORGARH"
"HS01","179","2558","Y","GAJUWAKA"
"HT14","180","2715","Y","RRKE"
"HT16","181","2707","Y","KHTM"
"HT17","182","2696","Y","HLDN-2(JAIL ROAD CHAURAHA)"
"HT18","183","2705","Y","DEHRADUN"
"HT19","184","2706","Y","DEHRADUN (SEEMA-DWAR)"
"HT20","185","2694","Y","KOTDWAR"
"HT21","186","2700","Y","DEHRADUN -JOGGIWALA"
"HU34","188","2767","Y","GKP-2(MEDICAL ROAD)"
"HU36","189","2757","Y","JNPR"
"HU41","191","2752","Y","VNS-2(LANKA)"
"HU44","192","2756","Y","GZPR"
"HU45","193","2771","Y","PGRH"
"HU48","194","2760","Y","AKBRPR"
"HU49","195","2841","Y","BHRCH-2(HOSPITAL ROAD)"
"HU54","196","2765","Y","PDRNA"
"HU55","197","2753","Y","VNS-3(CHITAIPUR)"
"HU57","198","2836","Y","LKNW-4(JNK PRM)"
"HU58","199","2769","Y","AZAM-2(MURLI TALKIES)"
"HU59","200","2762","Y","BASTI"
"HU61","201","2777","Y","RBRLY"
"HU64","202","2774","Y","BLRMPR"
"HU65","203","2758","Y","PRAYAGRAJ-1(KATRA)"
"HU67","204","2858","Y","LKHMPR"
"HU69","205","2840","Y","LKNW-5(MATIYARI)"
"HU70","206","2850","Y","KNPR-1(LAL BANGLA)"
"HU71","207","2849","Y","GONDA"
"HU72","208","2845","Y","BRLY"
"HU74","209","2794","Y","BHANGEL"
"HU76","210","2754","Y","VNS-4(PAHARIYA)"
"HU78","212","2755","Y","RENUKOOT"
"HU80","213","2856","Y","LKNW-6(TELI BAG)"
"HU81","214","2837","Y","LKNW-7(SITAPUR ROAD)"
"HU82","215","2773","Y","KHALILABAD"
"HU83","216","2838","Y","LKNW-8(ALAMBAGH)"
"HU84","217","2764","Y","GORAKHPUR-4"
"HU86","218","2855","Y","SITAPUR"
"HU88","219","2971","Y","HARDOI"
"HU90","220","2854","Y","RAMPUR"
"HU91","221","2969","Y","BUDAUN"
"HU92","222","2846","Y","BAREILLY (GURUDWARA)"
"HU93","223","2784","Y","GHAZIABAD (TIGRI)"
"HU95","224","2839","Y","LUCKNOW(KURSI RAOD)"
"HU97","225","2970","Y","BIJNOR"
"HW13","228","2581","Y","MALDAH"
"HW14","229","2572","Y","AQTCA"
"HW15","230","2580","Y","SILIGURI"
"HW16","231","2597","Y","CHINSURAH"
"HW17","232","2582","Y","RAMPURHAT"
"HW18","233","2579","Y","DURGAPUR"
"HW19","234","2599","Y","KHARAGPUR"
"HW20","235","2574","Y","ASANSOL-1(MARKET ROAD)"
"HW21","236","2589","Y","MIDNAPORE"
"HW24","237","2573","Y","ASANSOL-2(CENTRUM MALL)"
"HW25","238","2596","Y","B-BERHAMPORE"
"HW26","239","2598","Y","HABRA"
"HX10","240","2719","Y","KTH"
"HX12","241","2722","Y","UDHAMPUR"
"HX50","242","2567","Y","ICHALKARANJI"
"HK22","252","2536","Y","MYSORE-2"
"U106","253","2851","Y","KASGANJ"
"U101","254","2785","Y","LONI(INDRAPURI)"
"HD32","255","2689","Y","BUDH VIHAR"
"HX13","256","2725","Y","JANIPUR"
"HX14","257","2720","Y","KUNJWANI"
"HB58","258","2893","Y","JAINAGAR"
"HH14","259","2711","Y","ROHTAK-(TN)"
"U104","262","2779","Y","SHAHJAHANPUR"
"HP05","264","2750","Y","ZIRAKPUR"
"HB57","265","2936","Y","SIWAN-2"
"HS02","266","2557","Y","VIZIANAGARAM"
"HA11","269","2637","Y","PASIGHAT"
"HB46","270","2896","Y","SAMASTIPUR(NR OLD V2)"
"HB60","272","2875","Y","MADHEPURA"
"HG12","273","2570","Y","MARGAON"
"HG13","274","2561","Y","SOUTH GOA(DABOLIM)"
"HJ26","275","2958","Y","DHANBAD(SUSNILEWA)"
"HK23","276","2553","Y","BALLARY-INFANTRY-RD"
"HM34","278","3032","Y","BHOPAL (MANDIDEEP)"
"HM40","279","2902","Y","BHOPAL"
"HN31","280","2640","Y","KARIMGANJ"
"HN35","282","2645","Y","HOJAI"
"HN36","283","2671","Y","NAGAON"
"HN37","284","2646","Y","GUWAHATI (KALAPAHAR)"
"HN38","285","2659","Y","KOKRAJHAR"
"HN40","286","2663","Y","GOALPARA"
"HN41","287","2647","Y","GUWAHATI (BELTOLA)"
"HN60","288","2675","Y","DIMAPUR"
"HO21","289","2627","Y","SNDRGH"
"HO37","293","2610","Y","BOUDH"
"HO41","294","2609","Y","NAYAGARH(NEAR SNV)"
"HO42","295","2620","Y","CTK-2"
"HP04","296","2732","Y","LUDHIANA"
"HT22","299","2697","Y","RUDRAPUR"
"HU87","302","3071","Y","FARUKHABAD"
"HU89","303","2847","Y","BAREILLY (CIVIL LINES)"
"HU94","304","2768","Y","DEORIA"
"HU96","305","2857","Y","LUCKNOW (ASHIYANA)"
"HU98","306","2800","Y","HATHRAS"
"HU99","307","2790","Y","AGRA- SIKANDRA (LOHA MANDI)"
"HW23","309","3076","Y","NSOL-2"
"HW27","310","2595","Y","BASIRHAT"
"HX11","311","2718","Y","JAMMU"
"RH01","313","3081","Y","HO-NEW"
"U100","316","2789","Y","AGRA- SANJAY PLACE"
"U102","317","2772","Y","BELA PRATAPGARH"
"U103","318","2786","Y","NOIDA (OMAXE MALL)"
"U105","319","2793","Y","ALIGARH"
"U109","320","2859","Y","SAHARANPUR"
"U110","321","3084","Y","KANPUR AMBEDKARPURAM"
"V2S","324","3085","Y","V2S"
"MISS","325","3086","Y","MISSING"
"U107","326","2759","Y","ALLAHBAD(NAINI)"
"RH02","328","3087","Y","Central"
"U111","337","2791","Y","MEERUT"
"HB59","350","2895","Y","MUZAFFARPUR"
"HH15","359","2712","Y","FATEHABAD"
"HH16","360","2701","Y","AMBALA CANTT"
"HH17","361","2710","Y","KURUKSHETRA"
"HH18","362","2695","Y","SONIPAT"
"HI07","363","2740","Y","UNA"
"HJ28","365","2949","Y","RANCHI(PISCA)"
"HJ29","366","2959","Y","GIRIDIH (JAMUA RD)"
"HJ30","367","2954","Y","GODDA(V MART BESIDE)"
"HK24","370","2541","Y","CHIKKAMAGALURU"
"HM41","371","2911","Y","JABALPUR-2"
"HN42","373","2662","Y","NORTH LAKHIMPUR"
"HO43","375","2630","Y","RAYAGADA"
"HP06","376","2733","Y","BATALA"
"HP07","377","2749","Y","MOHALI"
"HP08","378","2744","Y","DHURI"
"HP09","379","2742","Y","KAPURTHALA"
"HP10","380","2704","Y","NAWANSHAHR"
"HP16","381","2735","Y","FATEHGARH"
"HR20","382","2832","Y","SRI GANGANAGAR"
"HY01","408","2973","Y","HANAMKONDA(MULUG ROAD CROSING)"
"U108","409","2761","Y","PHAPHAMAU"
"U112","410","2974","Y","MUZAFFARNAGAR"
"U114","411","2763","Y","GORAKHPUR (MEDICAL ROAD)"
"HM44","412","2916","Y","UJJAIN-2"
"HO45","417","2608","Y","TALCHER"
"HO44","418","2617","Y","BARGARH-2"
"HK25","420","2535","Y","UTTARAHALLI"
"HW29","421","3078","Y","BARRACKPORE"
"HC03","422","2782","Y","BILASPUR"
"HV01","423","2809","Y","DINDOLI"
"HK27","424","2550","Y","BELGAUM-3"
"HW31","425","2591","Y","KANCHRAPARA"
"HO46","426","2563","Y","BALASORE-2"
"HP12","427","2727","Y","JALANDHAR"
"HP11","428","2702","Y","HOSHIARPUR"
"HX15","429","2668","Y","DODA"
"HN43","430","2649","Y","IMPHAL-PCTC-MALL"
"HP13","431","2737","Y","TARN TARAN"
"HM42","432","2910","Y","AMOUDHA-SATNA"
"HR22","433","2823","Y","JAIPUR (MANSAROVAR)"
"U115","434","2787","Y","KHODA"
"U116","435","2853","Y","PILLIBHIT"
"HB61","436","2867","Y","PATNA(BHOOTHNATH)"
"HB62","437","2866","Y","GAYA-2"
"HC05","438","2795","Y","JAGDALPUR(BESIDE VMM)"
"U113","439","2852","Y","MAINPURI"
"HX51","440","2569","Y","OSMANABAD"
"HA12","441","2638","Y","NAHARLAGUN"
"HN44","442","2657","Y","GOLAGHAT TOWN"
"HB64","443","2871","Y","DARBHANGA-2"
"HB63","457","2945","Y","PATNA-4"
"HC04","458","3015","Y","RAIGARH"
"HH19","459","2713","Y","REWARI"
"HJ31","460","2957","Y","DHANBAD (GOVINDPUR)"
"HK26","461","2540","Y","BANGALORE (CHANDAPURA)"
"HK28","462","2552","Y","BIDAR"
"HM45","463","2909","Y","RATLAM"
"HN45","464","2648","Y","SIVASAGAR"
"HP14","465","2746","Y","ABOHAR-FAZILKA"
"HR23","466","2833","Y","SIKAR"
"HR24","467","2824","Y","JHUNJHUNU"
"HT23","468","2699","Y","ALMORA"
"HW30","469","3079","Y","JALPAIGURI"
"U117","470","2775","Y","AYODHYA"
"HH20","471","2687","Y","GURUGRAM SEC-14"
"HX16","472","2669","Y","ANANTNAG"
"HX17","473","2721","Y","RAJOURI"
"HR25","474","2821","Y","BIKANER GOGA GATE"
"HN48","475","2667","Y","UDALGURI"
"HN47","476","2672","Y","MORIGOAN"
"HN46","477","2642","Y","MANGALDAI"
"HS03","478","2559","Y","ANAKAPALLI"
"HM46","479","2926","Y","SINGRAULI (WAIDHAN)"
"HR26","480","2825","Y","NAGAUR"
"HS04","482","2532","Y","VISHAKHAPATNAM"
"HX18","483","2726","Y","BUDGAM"
"HP17","484","2729","Y","BATHINDA (AMRIK SINGH ROAD)"
"HN49","485","2651","Y","HAILAKANDI"
"HK30","486","2539","Y","MANDYA"
"HN80","487","2650","Y","KANCHIPUR IMPHAL(MANIPUR)"
"HR27","488","2827","Y","RAJSAMAND"
"HS06","489","2529","Y","MADANAPALLI"
"HB65","490","2861","Y","PATNA (RAJEEV NAGAR)"
"HS05","491","2530","Y","GUNTUR(ANDHRA PRADESH)"
"HH21","492","2714","Y","BADSHAHPUR GURGAON"
"HM48","493","2907","Y","GWALIOR 2"
"HM49","494","2918","Y","INDORE (MANGAL CITY)"
"U118","495","2792","Y","SIKOHABAD"
"HR28","496","2829","Y","AJMER"
"HT24","497","2698","Y","CHAMPAWAT"
"HM47","498","2903","Y","BHOPAL(RAISEN ROAD)"
"HO47","499","2611","Y","BHAWANI PATNA (ODISHA)"
"HX19","500","2717","Y","KISHTWAR"
"HL03","556","2814","Y","ANANAD(RAJPATH MARG)"
"U120","557","2778","Y","SULTANPUR"
"HW33","558","2588","Y","DOMKAL"
"HP18","559","2747","Y","PANCHKULA"
"HO48","560","2603","Y","SONEPUR (ODISHA)"
"HS07","561","2531","Y","ONGOLE"
"HW32","562","2590","Y","JAIGAON (WEST BENGAL)"
"HN61","563","2677","Y","KOHIMA"
"HX52","564","2568","Y","BARAMATI"
"HB66","567","2885","Y","KATIHAR"
"HC06","568","2796","Y","DHAMTARI"
"HD33","569","2683","Y","KHICHRIPUR"
"HK29","570","3028","Y","BEGUR- KOPPA ROAD"
"HL02","571","2819","Y","AATMAN-SURAT"
"HL04","572","2808","Y","NADIAD"
"HL05","573","2815","Y","PATAN"
"HL06","574","2813","Y","KSB TRIDENT SURAT"
"HL07","575","2810","Y","PALANPUR"
"HM43","576","3033","Y","KHANDWA"
"HM50","577","2920","Y","GUNA"
"HM51","578","2914","Y","ITARSI"
"HN50","579","2666","Y","SONARI"
"HO49","580","2612","Y","BALANGIR (ODISHA)"
"HP15","581","3040","Y","PATIALA-LEELA BHAWAN"
"HP20","583","2748","Y","FIROZPUR"
"HW28","584","3077","Y","DANKUNI (NEW)"
"HW34","585","2583","Y","NAIHATI"
"HW35","586","2575","Y","PURALIA"
"HY02","587","2972","Y","KARIMNAGAR (AZMATHPURA)"
"U119","588","2844","Y","JHANSI-1"
"U121","589","2848","Y","JHANSI -2"
"HP21","592","2730","Y","ALANDHAR-2"
"HP22","593","2736","Y","PATIALA"
"HD34","594","2688","Y","UTTAM-NAGAR"
"HW36","595","2584","Y","CHAKDAHA"
"HR29","596","2828","Y","UDAIPUR-CENTRAL"
"HB67","597","2933","Y","GOPALGANJ-2"
"HW37","598","2594","Y","DHUPGURI"
"HM52","599","2929","Y","RAJGARH"
"HF01","600","2635","Y","NAMCHI"
"HN62","601","2678","Y","CHUMOUKEDIMA"
"HM53","602","2923","Y","KHANDWA"
"HI08","603","2738","Y","POANTA (SIRMOUR)"
"HM54","606","2930","Y","PANDHNA"
"HX53","607","2571","Y","WAGHOLI"
"U122","608","2766","Y","SIDDHARTHNAGAR"
"U127","609","2842","Y","KANPUR"
"U125","610","2776","Y","FATEHPUR"
"HO51","611","2632","Y","ASIKA"
"HX20","612","2716","Y","KATHUA"
"HB68","613","2944","Y","PURNIA-2"
"HL09","614","2816","Y","VADODARA (KENDRANAGAR) WAGHODIA ROAD"
"HL10","615","2818","Y","NAVSARI"
"HL11","616","2811","Y","SURENDRANAGAR"
"HP23","617","2703","Y","BARNALA"
"U129","618","2799","Y","GHAZIABAD (RAJENDRA NAGAR)"
"U126","619","2770","Y","MAHARAJGANJ (ANAND NAGAR)"
"HC09","620","2798","Y","DURG"
"HL08","621","2807","Y","BARDOLI"
"HA13","622","2634","Y","ZIRO"
"HW42","623","2578","Y","DOMJUR(HOWRAH)"
"HC08","624","2797","Y","MUNGELI"
"U128","625","2804","Y","SAHARANPUR (CHIRUKI)"
"U124","626","2801","Y","MATHURA"
"HW44","627","2585","Y","RATUA (WEST BENGAL)"
"U123","628","2788","Y","GHAZIABAD (LAL KUAN)"
"HH22","629","2709","Y","PALWAL"
"U131","630","2843","Y","JHANSI (MISSION COMPOUND)"
"HN81","631","2655","Y","IMPHAL-AIRPORT RD"
"HC07","632","2783","Y","MAHASAMUND"
"HP24","633","2731","Y","FARIDKOT"
"HR30","634","2834","Y","KOTA (DADABARI)"
"HK31","635","2546","Y","RAMANAGARA"
"HW39","636","2587","Y","BOGULA"
"U130","637","2805","Y","MORADABAD"
"HS08","638","2533","Y","TADEPALLIGUDEM"
"HW38","639","2592","Y","BIRBHUM"
"HS09","640","2560","Y","NELLORE"
"HM56","641","2919","Y","MORENA"
"HY03","644","2975","Y","NACHARAM"
"VWW01","645","3088","Y","VISHAL WATER WORLD"
"HH23","647","2693","Y","PATAUDI"
"HB69","648","2940","Y","KISHANGANJ"
"HN82","649","2656","Y","SENAPATI"
"HZ01","650","2664","Y","AIZAWL"
"HN51","651","2673","Y","BIJOYNAGAR"
"HW43","652","2576","Y","AMTALA"
"HW41","653","2577","Y","TUFANGANJ"
"HC10","654","2803","Y","BALODA BAZAR-BHATAPARA"
"HW45","655","2586","Y","COOCHBEHAR"
"HO50","656","2624","Y","GUNPUR"
"U132","658","2802","Y","BULANSHAHAR"
"HP26","659","2745","Y","Malerkotla"
"HL13","660","2820","Y","PORBANDAR"
"HC11","661","2806","Y","BILASHPUR (USALAPUR)"
"HL14","662","2812","Y","HIMMATNAGAR OPTION 1"
"DU08","663","3002","Y","VARANASI-HUB-2"
"DB01","2433","2976","Y","PTN-RDC"
"DB03","2434","2977","Y","PATNA-HUB"
"DB05","2435","2978","Y","MUZAFFARPUR-HUB"
"DD03","2436","2979","Y","KAPASHERA PLANT"
"DH21","2437","2980","Y","MNSR-DC"
"DH24","2438","2981","Y","FRKH-NGR-RDC"
"DH25","2439","2982","Y","FRKH-NGR-DC-1"
"DH26","2440","2983","Y","JMLPR-RDC"
"DH27","2441","2984","Y","FRK-HUB"
"DH30","2442","2985","Y","FRKH-NGR-PRD"
"DJ01","2443","2986","Y","JAMSHEDPUR-HUB"
"DJ02","2444","2987","Y","DHANBAD-HUB"
"DK01","2445","2988","Y","BNGLR-DATA-CNTR"
"DK02","2446","2989","Y","HUBLI-HUB"
"DK10","2447","2990","Y","BNGLR"
"DM01","2448","2991","Y","BHOPAL-HUB"
"DM02","2449","2992","Y","JABALPUR-HUB"
"DN01","2450","2993","Y","GWHT-RDC"
"DN02","2451","2994","Y","DIBRUGARH RDC"
"DO01","2452","2995","Y","BBSR-RDC"
"DO02","2453","2996","Y","JHARSUGUDA"
"DP01","2454","2997","Y","JALANDHAR-HUB"
"DR01","2455","2998","Y","AJMER-HUB"
"DU05","2456","2999","Y","VARANASI-HUB"
"DU06","2457","3000","Y","LUCKNOW-HUB"
"DU07","2458","3001","Y","MORADABAD HUB"
"DW01","2459","3003","Y","KOLKATA-RDC"
"DW02","2460","3004","Y","KOLKATA-HUB"
"DX01","2461","3005","Y","JAMMU-CITY-HUB"
"HB12","2462","3006","Y","CHPR"
"HB14","2463","3007","Y","BGSR"
"HB18","2464","3008","Y","KSNGNJ"
"HB23","2465","3009","Y","LKSR"
"HB25","2466","3010","Y","BUXAR"
"HB27","2467","3011","Y","MZFPR"
"HB28","2468","3012","Y","BGSR-2"
"HB40","2469","3013","Y","BUXAR (CIVIL LINES)"
"HB49","2470","3014","Y","PATNA CITY-(SADIKPUR)"
"HD16","2471","3016","Y","MHPL"
"HD17","2472","3017","Y","KRB"
"HD18","2473","3018","Y","RJR-GDN"
"HD19","2474","3019","Y","K-NGR"
"HD21","2475","3020","Y","NJF"
"HD23","2476","3021","Y","KPSHR-2"
"HE10","2477","3022","Y","HYD"
"HH12","2478","3023","Y","FBD"
"HJ16","2479","3024","Y","DLTNGNJ"
"HK06","2480","3026","Y","UDUPI"
"HK09","2481","3027","Y","DVNGR"
"HL01","2482","2817","Y","ANAND (GUJARAT)"
"HL12","2483","3029","Y","MEHSANA(OPTION-1)"
"HM27","2484","3031","Y","UJJAIN"
"HN12","2485","3034","Y","GW-2-GNSPR"
"HN32","2486","3035","Y","KOKRAJHAR"
"HO22","2487","3036","Y","KHARIAR"
"HO33","2488","3037","Y","PARALAKHEMUNDI"
"HO34","2489","3038","Y","SEMLIGUDA"
"HO35","2490","3039","Y","HAVERI"
"HP19","2491","3041","Y","MALERKOTLA"
"HR15","2492","3042","Y","KOTA"
"HR16","2493","2835","Y","UDAIPUR"
"HR21","2494","3043","Y","KOTA"
"HT01","2495","3044","Y","HANAMKONDA"
"HT12","2496","3045","Y","HLDN"
"HT13","2497","3046","Y","HRDWR-1"
"HT15","2498","3047","Y","HRDWR-2"
"HU32","2499","3048","Y","GK-1-BNKRD-LGF"
"HU33","2500","3049","Y","VNS"
"HU35","2501","3050","Y","AZAM"
"HU37","2502","3051","Y","BHRCH"
"HU39","2503","3052","Y","LKNW"
"HU40","2504","3053","Y","STPR"
"HU42","2505","3054","Y","BNGL"
"HU43","2506","3055","Y","MAU"
"HU46","2507","3056","Y","LKNW-2"
"HU47","2508","3057","Y","FRKHBD"
"HU51","2509","3058","Y","LKNW-3"
"HU53","2510","3059","Y","FRZBD"
"HU56","2511","3060","Y","PAHARIYA"
"HU60","2512","3061","Y","BALLIA"
"HU62","2513","3062","Y","MIRZAPUR"
"HU63","2514","3063","Y","GK-3-BNKRD"
"HU66","2515","3064","Y","JNPR-2"
"HU68","2516","3065","Y","JHANSI"
"HU73","2517","3066","Y","BRLY-2"
"HU75","2518","3067","Y","MRZPR-2"
"HU77","2519","3068","Y","VNS-5(MALDAHIYA)"
"HU79","2520","3069","Y","ALLAHABAD (PRAYAGRAJ)"
"HU85","2521","3070","Y","ORAI"
"HW10","2522","3072","Y","GRHT"
"HW11","2523","3073","Y","HTBGN"
"HW12","2524","3074","Y","VIP ROAD"
"HW22","2525","3075","Y","BASIRHAT"
"RD04","2526","3080","Y","HO-OLD"
"SEDC","2527","3082","Y","SEDC"
"SEST","2528","3083","Y","SEST"
