LocationId,STCode,LocationName,StateId,CreatedOn,LocationCategoryId,ZoneId,RegionId,ClusterId,IsActive,StoreLong,StoreLat,AllowedRadiusMeters,IsDeleted,OpeningDate,IsAllowOvertimePayment,ADDRESS,LocationType,StateIdForMinWage,IsGeofenceEnabled,IsEsicEnabled
7,HA10,ITNGR,260,2025-06-12 16:25:02.197,,7,164,210,True,86.795823,25.934801,34,False,2/4/2017 12:00:00 AM,,sarhol gurugram,4,2,False,
8,HB05,PTN-1(MAHARAJ A COMPLEX),248,2025-06-12 16:25:02.197,,8,1,202,True,86.795825,25.934801,34,False,4/29/2012 12:00:00 AM,,ggn,4,4,False,
9,HB06,GAYA,248,2025-06-12 16:25:02.197,,8,1,203,True,86.795823,25.934801,200,False,9/19/2012 12:00:00 AM,,ggn,4,4,False,
10,HB07,BGPR-1(KACHARI CHOWK),248,2025-06-12 16:25:02.197,,8,1,205,True,86.795823,25.934801,,False,4/7/2013 12:00:00 AM,,,4,4,False,
11,HB08,DRBG,248,2025-06-12 16:25:02.197,,8,131,204,True,86.795823,25.934801,,False,3/23/2013 12:00:00 AM,,,4,4,False,
12,HB09,BETIA,248,2025-06-12 16:25:02.197,,8,131,204,True,86.795823,25.934801,100,False,4/25/2013 12:00:00 AM,,gurgaon,4,4,False,
13,HB10,ARA,248,2025-06-12 16:25:02.197,,8,1,208,True,86.795823,25.934801,,False,3/9/2014 12:00:00 AM,,,4,4,False,
14,HB11,PURNIA,248,2025-06-12 16:25:02.197,,8,1,208,True,86.795823,25.934801,,False,3/10/2016 12:00:00 AM,,,4,4,False,
15,HB13,SWN,248,2025-06-12 16:25:02.197,,8,131,268,True,86.795823,25.934801,,False,5/12/2016 12:00:00 AM,,,4,4,False,
16,HB15,B-SRF,248,2025-06-12 16:25:02.197,,8,131,206,True,86.795823,25.934801,,False,6/18/2016 12:00:00 AM,,,4,4,False,
17,HB16,STMD,248,2025-06-12 16:25:02.197,,8,131,207,True,86.795823,25.934801,,False,10/17/2016 12:00:00 AM,,,4,4,False,
18,HB17,MTHR,248,2025-06-12 16:25:02.197,,8,131,268,True,86.795823,25.934801,,False,2/24/2017 12:00:00 AM,,,4,4,False,
19,HB19,SMSTPR-1,248,2025-06-12 16:25:02.197,,8,131,207,True,86.795823,25.934801,,False,7/9/2018 12:00:00 AM,,,4,4,False,
20,HB20,BEGUSARAI-3,248,2025-06-12 16:25:02.197,,8,131,206,True,86.795823,25.934801,,False,2/9/2022 12:00:00 AM,,,4,4,False,
21,HB21,SHRSA,248,2025-06-12 16:25:02.197,,8,131,204,True,86.795823,25.934801,,False,6/9/2018 12:00:00 AM,,,4,4,False,
22,HB22,BARH,248,2025-06-12 16:25:02.197,,8,131,206,True,86.795823,25.934801,,False,9/30/2018 12:00:00 AM,,,4,4,False,
23,HB24,BANKA,248,2025-06-12 16:25:02.197,,8,1,205,True,86.795823,25.934801,,False,1/5/2019 12:00:00 AM,,,4,4,False,
24,HB26,AURNGBD,248,2025-06-12 16:25:02.197,,8,1,203,True,86.795823,25.934801,,False,10/4/2020 12:00:00 AM,,,4,4,False,
25,HB29,PTN-2(SAGUNA MORE),248,2025-06-12 16:25:02.197,,8,1,202,True,86.795823,25.934801,,False,3/7/2021 12:00:00 AM,,,4,4,False,
26,HB30,GOPALGANJ,248,2025-06-12 16:25:02.197,,8,131,268,True,86.795823,25.934801,,False,2/28/2021 12:00:00 AM,,,4,4,False,
27,HB31,MADHUBANI,248,2025-06-12 16:25:02.197,,8,131,207,True,86.795823,25.934801,,False,3/20/2021 12:00:00 AM,,,4,4,False,
28,HB32,SASARAM,248,2025-06-12 16:25:02.197,,8,1,203,True,86.795823,25.934801,,False,3/14/2022 12:00:00 AM,,,4,4,False,
29,HB34,PTN-3(ANISHA BAD),248,2025-06-12 16:25:02.197,,8,1,202,True,86.795823,25.934801,,False,10/3/2021 12:00:00 AM,,,4,4,False,
30,HB35,CHPRA,248,2025-06-12 16:25:02.197,,8,131,206,True,86.795823,25.934801,,False,3/6/2022 12:00:00 AM,,,4,4,False,
31,HB36,HJPR,248,2025-06-12 16:25:02.197,,8,131,206,True,86.795823,25.934801,,False,10/19/2023 12:00:00 AM,,,4,4,False,
32,HB37,PTN-4(KURJI),248,2025-06-12 16:25:02.197,,8,1,202,True,86.795823,25.934801,,False,2/13/2024 12:00:00 AM,,,4,4,False,
33,HB38,BGPR-2(TATARPUR CHOWK),248,2025-06-12 16:25:02.197,,8,1,205,True,86.795823,25.934801,,False,2/25/2024 12:00:00 AM,,,4,4,False,
34,HB39,DEHRI ON SONE,248,2025-06-12 16:25:02.197,,8,1,203,True,86.795823,25.934801,,False,2/19/2024 12:00:00 AM,,,4,4,False,
35,HB41,PTN-5(PHULWARI SHARIF),248,2025-06-12 16:25:02.197,,8,1,202,True,86.795823,25.934801,,False,6/2/2024 12:00:00 AM,,,4,4,False,
36,HB42,JAMUI,248,2025-06-12 16:25:02.197,,8,1,208,True,86.795823,25.934801,,False,11/30/2024 12:00:00 AM,,,4,4,False,
37,HB43,PTN-6(MATCHUATOLI),248,2025-06-12 16:25:02.197,,8,1,269,True,86.795823,25.934801,50,False,8/24/2024 12:00:00 AM,,,4,4,False,
38,HB44,MUNGER,248,2025-06-12 16:25:02.197,,8,1,205,True,86.795823,25.934801,,False,9/14/2024 12:00:00 AM,,,4,4,False,
39,HB45,PTN-7(PATNA CITY),248,2025-06-12 16:25:02.197,,8,1,269,True,86.795823,25.934801,,False,9/24/2024 12:00:00 AM,,,4,4,False,
40,HB47,JAMALPUR,248,2025-06-12 16:25:02.197,,8,1,205,True,86.795823,25.934801,,False,3/10/2025 12:00:00 AM,,,4,4,False,
41,HB48,JEHANABAD,248,2025-06-12 16:25:02.197,,8,1,208,True,86.795823,25.934801,,False,9/21/2024 12:00:00 AM,,,4,4,False,
42,HB50,BHABUA,248,2025-06-12 16:25:02.197,,8,1,203,True,86.795823,25.934801,,False,9/27/2024 12:00:00 AM,,,4,4,False,
43,HB51,PTN-8(GOLA ROAD),248,2025-06-12 16:25:02.197,,8,1,269,True,86.795823,25.934801,,False,11/29/2024 12:00:00 AM,,,4,4,False,
44,HB52,SAMASTIPUR (GC),248,2025-06-12 16:25:02.197,,8,131,207,True,86.795823,25.934801,,False,2/15/2025 12:00:00 AM,,,4,4,False,
45,HB53,NAWADA,248,2025-06-12 16:25:02.197,,8,131,206,True,86.795823,25.934801,,False,7/25/2025 12:00:00 AM,,,4,4,False,
46,HB54,PATNA(SAHIB),248,2025-06-12 16:25:02.197,,8,1,208,True,86.795823,25.934801,,False,9/20/2025 12:00:00 AM,,,4,4,False,
47,HB55,KHAGARIA,248,2025-06-12 16:25:02.197,,8,131,204,True,86.795823,25.934801,,False,3/23/2025 12:00:00 AM,,,4,4,False,
48,HB56,MOTIHARI,248,2025-06-12 16:25:02.197,,8,131,268,True,86.795823,25.934801,,False,6/15/2025 12:00:00 AM,,,4,4,False,
50,HC01,RAIPUR(COLORS MALL)-(V2),286,2025-06-12 16:25:02.197,,14,0,270,True,86.795823,25.934801,,False,2/19/2025 12:00:00 AM,,,4,5,False,
51,HC02,AMBIKAPUR,286,2025-06-12 16:25:02.197,,14,0,270,True,86.795823,25.934801,,False,2/17/2025 12:00:00 AM,,,4,5,False,
53,HD22,KPSHR,256,2025-06-12 16:25:02.197,,9,0,230,True,86.795823,25.934801,,False,11/19/2016 12:00:00 AM,,,4,6,False,
54,HD24,BHAJANPURA,256,2025-06-12 16:25:02.197,,9,0,230,True,86.795823,25.934801,,False,3/3/2023 12:00:00 AM,,,4,6,False,
55,HD25,RANIBAGH,256,2025-06-12 16:25:02.197,,9,0,242,True,86.795823,25.934801,,False,5/11/2023 12:00:00 AM,,,4,6,False,
56,HD26,MHPL-2(VASANT KUNJ ROAD),256,2025-06-12 16:25:02.197,,9,0,230,True,86.795823,25.934801,,False,8/13/2023 12:00:00 AM,,,4,6,False,
57,HD27,NARELA,256,2025-06-12 16:25:02.197,,9,0,231,True,86.795823,25.934801,,False,9/24/2025 12:00:00 AM,,,4,6,False,
58,HD28,MAHAVIR ENCLAVE,256,2025-06-12 16:25:02.197,,9,0,231,True,86.795823,25.934801,,False,12/10/2024 12:00:00 AM,,,4,6,False,
59,HD29,NAJAFGARH,256,2025-06-12 16:25:02.197,,9,0,242,True,86.795823,25.934801,,False,12/8/2024 12:00:00 AM,,,4,6,False,
60,HD30,KIRARI(APNA BAZAR),256,2025-06-12 16:25:02.197,,9,0,231,True,86.795823,25.934801,,False,10/28/2024 12:00:00 AM,,,4,6,False,
61,HD31,BURARI,256,2025-06-12 16:25:02.197,,9,0,231,True,86.795823,25.934801,,False,5/29/2025 12:00:00 AM,,,4,6,False,
63,HG10,PNJM,265,2025-06-12 16:25:02.197,,14,0,273,True,73.848299,15.390562,50,False,11/4/2018 12:00:00 AM,,"Dabolim, Mormugao, South Goa, Goa, 403711, India",4,7,False,
64,HG11,BCHLM,265,2025-06-12 16:25:02.197,,14,0,273,True,86.795823,25.934801,,False,8/20/2020 12:00:00 AM,,,4,7,False,
65,HH13,FBD-2(NIT MARKET),257,2025-06-12 16:25:02.197,,9,0,230,True,86.795823,25.934801,,False,11/10/2023 12:00:00 AM,,,4,9,False,
66,HI05,SLN,254,2025-06-12 16:25:02.197,,9,0,220,True,86.795823,25.934801,,False,6/6/2011 12:00:00 AM,,,4,10,False,
67,HI06,KANGRA,254,2025-06-12 16:25:02.197,,9,0,220,True,86.795823,25.934801,,False,5/25/2025 12:00:00 AM,,,4,10,False,
68,HJ08,JMD-1(SAKCHI),253,2025-06-12 16:25:02.197,,8,142,238,True,86.795823,25.934801,,False,5/28/2011 12:00:00 AM,,,4,12,False,
69,HJ09,RNCH-1(MAIN ROAD),253,2025-06-12 16:25:02.197,,8,142,232,True,86.795823,25.934801,,False,9/2/2017 12:00:00 AM,,,4,12,False,
70,HJ10,HZRBG,253,2025-06-12 16:25:02.197,,8,142,235,True,85.374040,23.997154,100,False,9/17/2017 12:00:00 AM,,"NH522, Lakhe, Korra, Hazaribagh, Jharkhand, 825300, India",4,12,False,
71,HJ11,DGHR,253,2025-06-12 16:25:02.197,,8,142,235,True,86.795823,25.934801,,False,2/10/2018 12:00:00 AM,,,4,12,False,
72,HJ12,R-DHWR,253,2025-06-12 16:25:02.197,,8,142,234,True,86.795823,25.934801,,False,4/29/2018 12:00:00 AM,,,4,12,False,
74,HJ14,DUMKA,253,2025-06-12 16:25:02.197,,8,142,235,True,86.795823,25.934801,,False,11/4/2018 12:00:00 AM,,,4,12,False,
75,HJ15,CHAS,253,2025-06-12 16:25:02.197,,8,142,235,True,86.795823,25.934801,,False,8/22/2018 12:00:00 AM,,,4,12,False,
76,HJ17,JMD-2(ADITYAPUR),253,2025-06-12 16:25:02.197,,8,142,238,True,86.795823,25.934801,,False,10/17/2023 12:00:00 AM,,,4,12,False,
77,HJ19,RNCH-2(BHUTALA MALL),253,2025-06-12 16:25:02.197,,8,142,232,True,86.795823,25.934801,,False,5/23/2024 12:00:00 AM,,,4,12,False,
78,HJ20,JMD-3(MANGO CHOWK),253,2025-06-12 16:25:02.197,,8,142,238,True,86.795823,25.934801,,False,8/17/2024 12:00:00 AM,,,4,12,False,
79,HJ21,DHANBAD,253,2025-06-12 16:25:02.197,,8,142,234,True,86.795823,25.934801,,False,11/16/2024 12:00:00 AM,,,4,12,False,
80,HJ22,JMD-BISTUPUR,253,2025-06-12 16:25:02.197,,8,142,238,True,86.795823,25.934801,,False,10/10/2024 12:00:00 AM,,,4,12,False,
81,HJ23,CHAKRADHARPUR,253,2025-06-12 16:25:02.197,,8,142,238,True,86.795823,25.934801,,False,1/1/2025 12:00:00 AM,,,4,12,False,
82,HJ24,LOHARDAGA,253,2025-06-12 16:25:02.197,,8,142,232,True,86.795823,25.934801,,False,1/10/2025 12:00:00 AM,,,4,12,False,
83,HJ25,GAMAHRIA,253,2025-06-12 16:25:02.197,,8,142,238,True,86.795823,25.934801,,False,2/19/2025 12:00:00 AM,,,4,12,False,
84,HJ27,RAMGARH,253,2025-06-12 16:25:02.197,,8,142,232,True,86.795823,25.934801,,False,6/8/2025 12:00:00 AM,,,4,12,False,
85,HK04,HBL-1(AKSHAY PARK),264,2025-06-12 16:25:02.197,,14,0,253,True,86.795823,25.934801,,False,5/18/2013 12:00:00 AM,,,4,13,False,
86,HK05,BELAGAVI-1(KOLAPUR CIRCLE),264,2025-06-12 16:25:02.197,,14,147,253,True,86.795823,25.934801,,False,6/9/2018 12:00:00 AM,,,4,13,False,
87,HK07,VJPR,264,2025-06-12 16:25:02.197,,14,0,252,True,86.795823,25.934801,50,False,9/23/2018 12:00:00 AM,,"Gacchinakatti Colony, Vijayapura, Karnataka 586101",4,13,True,
88,HK10,GLBRG,264,2025-06-12 16:25:02.197,,14,0,251,True,86.795823,25.934801,,False,12/2/2018 12:00:00 AM,,,4,13,True,
89,HK11,DHRWD,264,2025-06-12 16:25:02.197,,14,0,253,True,86.795823,25.934801,,False,4/8/2023 12:00:00 AM,,,4,13,False,
90,HK12,BELAGAVI-2(RPD ROAD),264,2025-06-12 16:25:02.197,,14,0,251,True,86.795823,25.934801,,False,2/14/2024 12:00:00 AM,,,4,13,False,
91,HK13,MYSURU,264,2025-06-12 16:25:02.197,,14,0,250,True,86.795823,25.934801,,False,3/30/2024 12:00:00 AM,,,4,13,False,
92,HK14,JAMKHANDI,264,2025-06-12 16:25:02.197,,14,0,252,True,86.795823,25.934801,50,False,2/28/2025 12:00:00 AM,,"Kudachi Road, Beside Smart Bazaar, Near Murgod Kalyan Mantap Jamkhandi, Karnataka, 587301",4,13,False,
93,HK15,RAICHUR,264,2025-06-12 16:25:02.197,,14,0,251,True,86.795823,25.934801,,False,5/22/2024 12:00:00 AM,,,4,13,False,
94,HK16,HBL-2(PADMA TALKIES),264,2025-06-12 16:25:02.197,,14,0,253,True,86.795823,25.934801,,False,9/21/2024 12:00:00 AM,,,4,13,False,
95,HK17,LEGACY MALL,264,2025-06-12 16:25:02.197,,14,0,250,True,86.795823,25.934801,,False,3/28/2025 12:00:00 AM,,,4,13,False,
96,HK18,HAVERI-(V2),264,2025-06-12 16:25:02.197,,14,0,253,True,86.795823,25.934801,,False,2/22/2025 12:00:00 AM,,,4,13,False,
97,HK19,BAGALKOT,264,2025-06-12 16:25:02.197,,14,0,251,True,86.795823,25.934801,,False,4/6/2025 12:00:00 AM,,,4,13,False,
98,HK20,KOPPAL,264,2025-06-12 16:25:02.197,,14,0,252,True,86.795823,25.934801,50,False,5/28/2025 12:00:00 AM,," Plot No. 1564/2, Station Road Koppal, Karnataka, 583231",4,13,False,
99,HK21,TC PALYA,264,2025-06-12 16:25:02.197,,14,0,250,True,86.795823,25.934801,,False,10/21/2025 12:00:00 AM,,,4,13,False,
104,HM20,SGR,269,2025-06-12 16:25:02.197,,10,155,243,True,86.795823,25.934801,,False,10/18/2017 12:00:00 AM,,,4,14,False,
105,HM21,JBLPR,269,2025-06-12 16:25:02.197,,7,155,215,True,86.795823,25.934801,,False,1/13/2018 12:00:00 AM,,,4,14,False,
106,HM22,REWA,269,2025-06-12 16:25:02.197,,7,155,263,True,86.795823,25.934801,,False,1/3/2019 12:00:00 AM,,,4,14,False,
107,HM23,HARDA,269,2025-06-12 16:25:02.197,,7,155,265,True,86.795823,25.934801,,False,8/3/2024 12:00:00 AM,,,4,14,False,
108,HM24,BHOPAL (KOLAR ROAD),269,2025-06-12 16:25:02.197,,7,155,216,True,86.795823,25.934801,,False,3/8/2025 12:00:00 AM,,,4,14,False,
109,HM25,BHOPAL-2(KAROND ROAD),269,2025-06-12 16:25:02.197,,7,155,216,True,86.795823,25.934801,,False,10/1/2024 12:00:00 AM,,,4,14,False,
110,HM26,BURHANPUR,269,2025-06-12 16:25:02.197,,7,155,265,True,86.795823,25.934801,,False,10/30/2024 12:00:00 AM,,,4,14,False,
111,HM28,CHHINDWARA,269,2025-06-12 16:25:02.197,,7,155,263,True,86.795823,25.934801,,False,2/22/2025 12:00:00 AM,,,4,14,False,
112,HM29,HOSHANGABAD,269,2025-06-12 16:25:02.197,,7,155,214,True,86.795823,25.934801,,False,2/16/2025 12:00:00 AM,,,4,14,False,
113,HM30,KATNI (GOLE BAZAR),269,2025-06-12 16:25:02.197,,7,155,215,True,86.795823,25.934801,,False,12/31/2024 12:00:00 AM,,,4,14,False,
114,HM31,GWALIOR,269,2025-06-12 16:25:02.197,,7,155,243,True,86.795823,25.934801,,False,4/4/2025 12:00:00 AM,,,4,14,False,
115,HM32,NARSINGHPUR-(BR)-(V2),269,2025-06-12 16:25:02.197,,7,155,215,True,86.795823,25.934801,,False,2/5/2025 12:00:00 AM,,,4,14,False,
116,HM33,BETUL,269,2025-06-12 16:25:02.197,,7,155,265,True,86.795823,25.934801,,False,5/4/2025 12:00:00 AM,,,4,14,False,
117,HM35,BHOPAL (SERVICE ROAD),269,2025-06-12 16:25:02.197,,7,155,216,True,86.795823,25.934801,,False,6/30/2025 12:00:00 AM,,,4,14,False,
118,HM36,KHARGONE,269,2025-06-12 16:25:02.197,,7,155,265,True,86.795823,25.934801,,False,2/27/2025 12:00:00 AM,,,4,14,False,
119,HM37,DEWAS,269,2025-06-12 16:25:02.197,,7,155,214,True,86.795823,25.934801,,False,4/18/2025 12:00:00 AM,,,4,14,False,
120,HM38,SEHORE(New Bus Stand),269,2025-06-12 16:25:02.197,,7,155,214,True,86.795823,25.934801,,False,4/29/2025 12:00:00 AM,,,4,14,False,
121,HM39,SAGAR(CIVIL LINES),269,2025-06-12 16:25:02.197,,7,155,243,True,86.795823,25.934801,,False,3/8/2025 12:00:00 AM,,,4,14,False,
122,HN10,GWHT -1(PALTAN BAZAR),258,2025-06-12 16:25:02.197,,7,164,213,True,86.795823,25.934801,,False,4/2/2014 12:00:00 AM,,,4,3,False,
123,HN11,SLCHR-1(TULA-PATTY),258,2025-06-12 16:25:02.197,,7,164,211,True,86.795823,25.934801,,False,1/25/2017 12:00:00 AM,,,4,3,False,
124,HN13,BRPT-1(BARPETA ROAD),258,2025-06-12 16:25:02.197,,7,0,223,True,86.795823,25.934801,,False,8/29/2018 12:00:00 AM,,,4,3,False,
125,HN14,JRHT,258,2025-06-12 16:25:02.197,,7,164,248,True,86.795823,25.934801,,False,6/15/2019 12:00:00 AM,,,4,3,False,
126,HN15,GWHT-3(ADABARI),258,2025-06-12 16:25:02.197,,7,164,213,True,86.795823,25.934801,,False,9/26/2019 12:00:00 AM,,,4,3,False,
127,HN21,AGTLA,261,2025-06-12 16:25:02.197,,7,164,211,True,86.795823,25.934801,,False,1/25/2017 12:00:00 AM,,,4,23,False,
128,HN22,SLCHR-2(UKIL-PATTY),258,2025-06-12 16:25:02.197,,7,164,211,True,86.795823,25.934801,,False,9/10/2022 12:00:00 AM,,,4,3,False,
129,HN23,SHILLONG,259,2025-06-12 16:25:02.197,,7,164,213,True,86.795823,25.934801,,False,6/24/2022 12:00:00 AM,,,4,17,False,
130,HN25,BRPT-2(BARPETA TOWN),258,2025-06-12 16:25:02.197,,7,0,223,True,86.795823,25.934801,,False,3/7/2024 12:00:00 AM,,,4,3,False,
131,HN26,TEZPUR,258,2025-06-12 16:25:02.197,,7,0,201,True,86.795823,25.934801,,False,5/9/2024 12:00:00 AM,,,4,3,False,
132,HN27,TINSUKIA,258,2025-06-12 16:25:02.197,,7,0,222,True,86.795823,25.934801,,False,2/28/2025 12:00:00 AM,,,4,3,False,
133,HN28,NALBARI,258,2025-06-12 16:25:02.197,,7,0,223,True,86.795823,25.934801,,False,9/7/2024 12:00:00 AM,,,4,3,False,
134,HN29,DIPHU,258,2025-06-12 16:25:02.197,,7,0,222,True,93.441901,25.844478,50,False,7/21/2024 12:00:00 AM,,"Diphu, Karbi Anglong, Assam, 782460, India",4,3,False,
135,HN30,BONGAIGAON,258,2025-06-12 16:25:02.197,,7,0,223,True,86.795823,25.934801,,False,12/25/2024 12:00:00 AM,,,4,3,False,
136,HN33,DIBRUGARH,258,2025-06-12 16:25:02.197,,7,0,222,True,86.795823,25.934801,,False,4/13/2025 12:00:00 AM,,,4,3,False,
137,HN34,DHUBRI(BORO BAZAR),258,2025-06-12 16:25:02.197,,7,0,223,True,86.795823,25.934801,,False,3/29/2025 12:00:00 AM,,,4,3,False,
138,HN39,BISWANATH CHARALI,258,2025-06-12 16:25:02.197,,7,0,201,True,86.795823,25.934801,,False,5/16/2025 12:00:00 AM,,,4,3,False,
141,HO08,O-BHRM-1(TELEPHONE BHAWAN),287,2025-06-12 16:25:02.197,,22,177,284,True,86.795823,25.934801,,False,5/11/2013 12:00:00 AM,,,4,19,False,
142,HO09,CTK-1,287,2025-06-12 16:25:02.197,,22,176,281,True,86.795823,25.934801,,False,4/14/2013 12:00:00 AM,,,4,19,False,
143,HO10,BBSR-1(KRISHNA PLAZA),287,2025-06-12 16:25:02.197,,22,176,280,True,86.795823,25.934801,,False,9/23/2017 12:00:00 AM,,,4,19,False,
144,HO11,JEYPORE,287,2025-06-12 16:25:02.197,,22,177,284,True,86.795823,25.934801,,False,4/28/2018 12:00:00 AM,,,4,19,False,
145,HO12,BBSR-2(PATRA PADA),287,2025-06-12 16:25:02.197,,22,176,280,True,86.795823,25.934801,,False,6/11/2018 12:00:00 AM,,,4,19,False,
146,HO13,BBSR-3(PATIA),287,2025-06-12 16:25:02.197,,22,176,280,True,86.795823,25.934801,,False,6/24/2018 12:00:00 AM,,,4,19,False,
147,HO15,JJPR,287,2025-06-12 16:25:02.197,,22,176,279,True,86.795823,25.934801,,False,9/9/2018 12:00:00 AM,,,4,19,False,
148,HO16,ANGUL,287,2025-06-12 16:25:02.197,,22,176,281,True,86.795823,25.934801,,False,11/18/2019 12:00:00 AM,,,4,19,False,
149,HO18,BLSRE,287,2025-06-12 16:25:02.197,,22,176,279,True,86.795823,25.934801,,False,10/30/2020 12:00:00 AM,,,4,19,False,
150,HO19,BHADRAK,287,2025-06-12 16:25:02.197,,22,176,279,True,86.795823,25.934801,,False,10/23/2020 12:00:00 AM,,,4,19,False,
152,HO20,NMPDA,287,2025-06-12 16:25:02.197,,22,176,281,True,86.795823,25.934801,,False,11/29/2020 12:00:00 AM,,,4,19,False,
153,HO23,KHORDA,287,2025-06-12 16:25:02.197,,22,177,284,True,86.795823,25.934801,,False,10/15/2023 12:00:00 AM,,,4,19,False,
154,HO24,RRKL,287,2025-06-12 16:25:02.197,,22,176,281,True,86.795823,25.934801,,False,4/19/2021 12:00:00 AM,,,4,19,False,
155,HO25,BRPD-1(DURGA BARI),287,2025-06-12 16:25:02.197,,22,177,282,True,86.795823,25.934801,,False,9/8/2021 12:00:00 AM,,,4,19,False,
156,HO26,BBSR-4(RASULGARH),287,2025-06-12 16:25:02.197,,22,176,280,True,86.795823,25.934801,,False,9/29/2022 12:00:00 AM,,,4,19,False,
157,HO27,BHRM-2(BANK ROAD),287,2025-06-12 16:25:02.197,,22,177,284,True,86.795823,25.934801,,False,10/14/2023 12:00:00 AM,,,4,19,False,
158,HO28,BBSR-5(KALPANA),287,2025-06-12 16:25:02.197,,22,176,280,True,86.795823,25.934801,,False,10/21/2023 12:00:00 AM,,,4,19,False,
159,HO29,KEONJHAR,287,2025-06-12 16:25:02.197,,22,176,279,True,86.795823,25.934801,,False,5/21/2024 12:00:00 AM,,,4,19,False,
160,HO30,JHARSUGUDA,287,2025-06-12 16:25:02.197,,22,177,283,True,86.795823,25.934801,,False,11/22/2024 12:00:00 AM,,,4,19,False,
161,HO31,SAMBHALPUR,287,2025-06-12 16:25:02.197,,22,177,283,True,86.795823,25.934801,,False,12/8/2024 12:00:00 AM,,,4,19,False,
162,HO32,PARADEEP,287,2025-06-12 16:25:02.197,,22,176,281,True,86.795823,25.934801,,False,6/22/2024 12:00:00 AM,,,4,19,False,
163,HO36,NUAPADA,287,2025-06-12 16:25:02.197,,22,177,282,True,86.795823,25.934801,,False,10/9/2024 12:00:00 AM,,,4,19,False,
164,HO38,BRPD-2(BALESHWAR BUILDING),287,2025-06-12 16:25:02.197,,22,177,282,True,86.795823,25.934801,,False,10/7/2024 12:00:00 AM,,,4,19,False,
165,HO39,BARGARH,287,2025-06-12 16:25:02.197,,22,177,283,True,86.795823,25.934801,,False,2/21/2025 12:00:00 AM,,,4,19,False,
166,HO40,JHARSUGUDA-2,287,2025-06-12 16:25:02.197,,22,177,283,True,86.795823,25.934801,,False,2/28/2025 12:00:00 AM,,,4,19,False,
169,HP01,RUPNAGAR,263,2025-06-12 16:25:02.197,,9,0,254,True,86.795823,25.934801,,False,2/4/2025 12:00:00 AM,,,4,20,False,
170,HP02,GURDASPUR,263,2025-06-12 16:25:02.197,,9,0,217,True,86.795823,25.934801,,False,4/30/2025 12:00:00 AM,,,4,20,False,
171,HP03,PATHANKOT (OPTION 2),263,2025-06-12 16:25:02.197,,9,0,212,True,86.795823,25.934801,,False,5/25/2025 12:00:00 AM,,,4,20,False,
176,HR17,BHILWARA-AJMER ROAD,255,2025-06-12 16:25:02.197,,22,178,288,True,86.795823,25.934801,,False,5/5/2025 12:00:00 AM,,,4,21,False,
177,HR18,KISHANGARH,255,2025-06-12 16:25:02.197,,22,178,288,True,86.795823,25.934801,,False,10/27/2024 12:00:00 AM,,,4,21,False,
178,HR19,CHITTORGARH,255,2025-06-12 16:25:02.197,,22,178,287,True,86.795823,25.934801,,False,4/12/2025 12:00:00 AM,,,4,21,False,
179,HS01,GAJUWAKA,292,2025-06-12 16:25:02.197,,14,0,228,True,86.795823,25.934801,,False,8/12/2024 12:00:00 AM,,,4,1,False,
180,HT14,RRKE,289,2025-06-12 16:25:02.197,,9,0,219,True,77.893937,29.874017,100,False,9/7/2017 12:00:00 AM,,"Roorkee, Haridwar, Uttarakhand, 247667, India",4,25,False,
181,HT16,KHTM,289,2025-06-12 16:25:02.197,,9,0,244,True,79.973011,28.922182,50,False,7/13/2018 12:00:00 AM,,"NH731K, Khatima, Udham Singh Nagar, Uttarakhand, 262308, India",4,25,False,
182,HT17,HLDN-2(JAIL ROAD CHAURAHA),289,2025-06-12 16:25:02.197,,9,0,244,True,86.795823,25.934801,,False,8/31/2020 12:00:00 AM,,,4,25,False,
183,HT18,DEHRADUN,289,2025-06-12 16:25:02.197,,9,0,219,True,86.795823,25.934801,,False,7/26/2021 12:00:00 AM,,,4,25,False,
184,HT19,DEHRADUN (SEEMA-DWAR),289,2025-06-12 16:25:02.197,,9,0,219,True,86.795823,25.934801,,False,2/23/2025 12:00:00 AM,,,4,25,False,
185,HT20,KOTDWAR,289,2025-06-12 16:25:02.197,,9,0,244,True,86.795823,25.934801,,False,1/25/2025 12:00:00 AM,,,4,25,False,
186,HT21,DEHRADUN -JOGGIWALA,289,2025-06-12 16:25:02.197,,9,0,219,True,86.795823,25.934801,,False,5/3/2025 12:00:00 AM,,,4,25,False,
188,HU34,GKP-2(MEDICAL ROAD),252,2025-06-12 16:25:02.197,,20,0,266,True,86.795823,25.934801,,False,3/4/2016 12:00:00 AM,,,4,24,False,
189,HU36,JNPR,252,2025-06-12 16:25:02.197,,20,0,262,True,86.795823,25.934801,,False,4/23/2016 12:00:00 AM,,,4,24,False,
191,HU41,VNS-2(LANKA),252,2025-06-12 16:25:02.197,,20,0,262,True,86.795823,25.934801,,False,3/7/2017 12:00:00 AM,,,4,24,False,
192,HU44,GZPR,252,2025-06-12 16:25:02.197,,20,0,262,True,86.795823,25.934801,,False,6/15/2017 12:00:00 AM,,,4,24,False,
193,HU45,PGRH,252,2025-06-12 16:25:02.197,,20,0,264,True,86.795823,25.934801,,False,11/20/2017 12:00:00 AM,,,4,24,False,
194,HU48,AKBRPR,252,2025-06-12 16:25:02.197,,20,0,264,True,86.795823,25.934801,,False,11/6/2018 12:00:00 AM,,,4,24,False,
195,HU49,BHRCH-2(HOSPITAL ROAD),252,2025-06-12 16:25:02.197,,20,0,0,True,86.795823,25.934801,,False,4/14/2018 12:00:00 AM,,,4,24,False,
196,HU54,PDRNA,252,2025-06-12 16:25:02.197,,20,0,266,True,86.795823,25.934801,,False,2/8/2019 12:00:00 AM,,,4,24,False,
197,HU55,VNS-3(CHITAIPUR),252,2025-06-12 16:25:02.197,,20,0,262,True,86.795823,25.934801,,False,3/5/2020 12:00:00 AM,,,4,24,False,
198,HU57,LKNW-4(JNK PRM),252,2025-06-12 16:25:02.197,,20,0,0,True,86.795823,25.934801,,False,8/26/2020 12:00:00 AM,,,4,24,False,
199,HU58,AZAM-2(MURLI TALKIES),252,2025-06-12 16:25:02.197,,20,0,267,True,86.795823,25.934801,,False,8/26/2020 12:00:00 AM,,,4,24,False,
200,HU59,BASTI,252,2025-06-12 16:25:02.197,,20,0,266,True,86.795823,25.934801,,False,12/1/2020 12:00:00 AM,,,4,24,False,
201,HU61,RBRLY,252,2025-06-12 16:25:02.197,,20,0,277,True,86.795823,25.934801,,False,12/20/2020 12:00:00 AM,,,4,24,False,
202,HU64,BLRMPR,252,2025-06-12 16:25:02.197,,20,0,267,True,86.795823,25.934801,,False,1/3/2021 12:00:00 AM,,,4,24,False,
203,HU65,PRAYAGRAJ-1(KATRA),252,2025-06-12 16:25:02.197,,20,0,264,True,86.795823,25.934801,,False,2/15/2021 12:00:00 AM,,,4,24,False,
204,HU67,LKHMPR,252,2025-06-12 16:25:02.197,,20,0,277,True,86.795823,25.934801,,False,8/9/2021 12:00:00 AM,,,4,24,False,
205,HU69,LKNW-5(MATIYARI),252,2025-06-12 16:25:02.197,,20,0,0,True,86.795823,25.934801,,False,3/14/2022 12:00:00 AM,,,4,24,False,
206,HU70,KNPR-1(LAL BANGLA),252,2025-06-12 16:25:02.197,,20,0,0,True,86.795823,25.934801,,False,12/2/2022 12:00:00 AM,,,4,24,False,
207,HU71,GONDA,252,2025-06-12 16:25:02.197,,20,0,0,True,86.795823,25.934801,,False,2/24/2023 12:00:00 AM,,,4,24,False,
208,HU72,BRLY,252,2025-06-12 16:25:02.197,,20,0,0,True,86.795823,25.934801,,False,2/25/2023 12:00:00 AM,,,4,24,False,
209,HU74,BHANGEL,252,2025-06-12 16:25:02.197,,20,0,0,True,86.795823,25.934801,,False,3/6/2023 12:00:00 AM,,,4,24,False,
210,HU76,VNS-4(PAHARIYA),252,2025-06-12 16:25:02.197,,20,0,262,True,86.795823,25.934801,,False,8/23/2023 12:00:00 AM,,,4,24,False,
212,HU78,RENUKOOT,252,2025-06-12 16:25:02.197,,20,0,262,True,86.795823,25.934801,,False,3/7/2024 12:00:00 AM,,,4,24,False,
213,HU80,LKNW-6(TELI BAG),252,2025-06-12 16:25:02.197,,20,0,277,True,86.795823,25.934801,,False,3/20/2024 12:00:00 AM,,,4,24,False,
214,HU81,LKNW-7(SITAPUR ROAD),252,2025-06-12 16:25:02.197,,20,0,0,True,86.795823,25.934801,,False,4/7/2024 12:00:00 AM,,,4,24,False,
215,HU82,KHALILABAD,252,2025-06-12 16:25:02.197,,20,0,267,True,86.795823,25.934801,,False,4/16/2024 12:00:00 AM,,,4,24,False,
216,HU83,LKNW-8(ALAMBAGH),252,2025-06-12 16:25:02.197,,20,0,0,True,86.795823,25.934801,,False,10/29/2024 12:00:00 AM,,,4,24,False,
217,HU84,GORAKHPUR-4,252,2025-06-12 16:25:02.197,,20,0,266,True,86.795823,25.934801,,False,10/19/2024 12:00:00 AM,,,4,24,False,
218,HU86,SITAPUR,252,2025-06-12 16:25:02.197,,20,0,277,True,86.795823,25.934801,,False,12/28/2024 12:00:00 AM,,,4,24,False,
219,HU88,HARDOI,252,2025-06-12 16:25:02.197,,20,0,0,True,86.795823,25.934801,,False,1/5/2025 12:00:00 AM,,,4,24,False,
220,HU90,RAMPUR,252,2025-06-12 16:25:02.197,,20,0,0,True,86.795823,25.934801,,False,11/15/2024 12:00:00 AM,,,4,24,False,
221,HU91,BUDAUN,252,2025-06-12 16:25:02.197,,20,0,0,True,86.795823,25.934801,,False,3/8/2025 12:00:00 AM,,,4,24,False,
222,HU92,BAREILLY (GURUDWARA),252,2025-06-12 16:25:02.197,,20,0,0,True,86.795823,25.934801,,False,3/11/2025 12:00:00 AM,,,4,24,False,
223,HU93,GHAZIABAD (TIGRI),252,2025-06-12 16:25:02.197,,20,0,0,True,86.795823,25.934801,,False,4/5/2025 12:00:00 AM,,,4,24,False,
224,HU95,LUCKNOW(KURSI RAOD),252,2025-06-12 16:25:02.197,,20,0,0,True,86.795823,25.934801,,False,2/19/2025 12:00:00 AM,,,4,24,False,
225,HU97,BIJNOR,252,2025-06-12 16:25:02.197,,20,0,0,True,86.795823,25.934801,,False,5/28/2025 12:00:00 AM,,,4,24,False,
228,HW13,MALDAH,266,2025-06-12 16:25:02.197,,14,0,229,True,86.795823,25.934801,,False,3/2/2022 12:00:00 AM,,,4,26,False,
229,HW14,AQTCA,266,2025-06-12 16:25:02.197,,14,0,240,True,86.795823,25.934801,,False,5/11/2023 12:00:00 AM,,,4,26,False,
230,HW15,SILIGURI,266,2025-06-12 16:25:02.197,,14,0,229,True,86.795823,25.934801,,False,3/20/2024 12:00:00 AM,,,4,26,False,
231,HW16,CHINSURAH,266,2025-06-12 16:25:02.197,,14,0,240,True,86.795823,25.934801,,False,3/31/2024 12:00:00 AM,,,4,26,False,
232,HW17,RAMPURHAT,266,2025-06-12 16:25:02.197,,14,0,209,True,86.795823,25.934801,,False,8/2/2024 12:00:00 AM,,,4,26,False,
233,HW18,DURGAPUR,266,2025-06-12 16:25:02.197,,14,0,229,True,86.795823,25.934801,,False,6/6/2024 12:00:00 AM,,,4,26,False,
234,HW19,KHARAGPUR,266,2025-06-12 16:25:02.197,,14,0,209,True,86.795823,25.934801,,False,8/30/2024 12:00:00 AM,,,4,26,False,
235,HW20,ASANSOL-1(MARKET ROAD),266,2025-06-12 16:25:02.197,,14,0,229,True,86.795823,25.934801,,False,6/20/2024 12:00:00 AM,,,4,26,False,
236,HW21,MIDNAPORE,266,2025-06-12 16:25:02.197,,14,0,209,True,86.795823,25.934801,,False,7/24/2025 12:00:00 AM,,,4,26,False,
237,HW24,ASANSOL-2(CENTRUM MALL),266,2025-06-12 16:25:02.197,,14,0,229,True,86.795823,25.934801,,False,8/31/2024 12:00:00 AM,,,4,26,False,
238,HW25,B-BERHAMPORE,266,2025-06-12 16:25:02.197,,14,0,240,True,86.795823,25.934801,,False,5/28/2025 12:00:00 AM,,,4,26,False,
239,HW26,HABRA,266,2025-06-12 16:25:02.197,,14,0,209,True,86.795823,25.934801,,False,6/13/2025 12:00:00 AM,,,4,26,False,
240,HX10,KTH,262,2025-06-12 16:25:02.197,,9,0,212,True,86.795823,25.934801,,False,2/24/2018 12:00:00 AM,,,4,11,False,
241,HX12,UDHAMPUR,262,2025-06-12 16:25:02.197,,9,0,218,True,86.795823,25.934801,,False,5/18/2025 12:00:00 AM,,,4,11,False,
242,HX50,ICHALKARANJI,271,2025-06-12 16:25:02.197,,14,0,270,True,86.795823,25.934801,,False,5/24/2025 12:00:00 AM,,,4,15,False,
252,HK22,MYSORE-2,264,2025-06-13 09:15:12.077,,14,0,250,True,86.795823,25.934801,,False,8/24/2025 12:00:00 AM,,,4,13,False,
253,U106,KASGANJ,252,2025-06-13 09:15:12.337,,20,0,0,True,86.795823,25.934801,,False,7/9/2025 12:00:00 AM,,,4,24,False,
254,U101,LONI(INDRAPURI),252,2025-06-13 09:15:12.527,,20,0,0,True,86.795823,25.934801,,False,7/4/2025 12:00:00 AM,,,4,24,False,
255,HD32,BUDH VIHAR,256,2025-06-13 09:15:12.657,,9,0,231,True,86.795823,25.934801,,False,10/12/2025 12:00:00 AM,,,4,6,False,
256,HX13,JANIPUR,262,2025-06-13 09:15:12.763,,9,0,212,True,86.795823,25.934801,,False,7/9/2025 12:00:00 AM,,,4,11,False,
257,HX14,KUNJWANI,262,2025-06-13 09:15:12.860,,9,0,212,True,86.795823,25.934801,,False,8/10/2025 12:00:00 AM,,,4,11,False,
258,HB58,JAINAGAR,248,2025-06-13 09:15:13.130,,8,131,207,True,86.795823,25.934801,,False,7/18/2025 12:00:00 AM,,,4,4,False,
259,HH14,ROHTAK-(TN),257,2025-06-13 09:15:13.310,,9,0,247,True,86.795823,25.934801,,False,8/23/2025 12:00:00 AM,,,4,9,False,
262,U104,SHAHJAHANPUR,252,2025-06-13 09:15:14.353,,20,0,267,True,86.795823,25.934801,,False,7/29/2025 12:00:00 AM,,,4,24,False,
264,HP05,ZIRAKPUR,263,2025-06-13 09:15:14.767,,9,0,254,True,86.795823,25.934801,,False,9/20/2025 12:00:00 AM,,Zirakpur ,4,20,False,
265,HB57,SIWAN-2,248,2025-06-13 09:15:15.037,,8,131,268,True,86.795823,25.934801,,False,7/26/2025 12:00:00 AM,,,4,4,False,
266,HS02,VIZIANAGARAM,292,2025-06-13 09:15:15.443,,14,0,228,True,86.795823,25.934801,,False,8/23/2025 12:00:00 AM,,,4,1,False,
269,HA11,PASIGHAT,260,2025-06-13 15:24:50.340,,7,164,210,True,86.795823,25.934801,,False,10/18/2025 12:00:00 AM,,,4,2,False,
270,HB46,SAMASTIPUR(NR OLD V2),248,2025-06-13 15:24:50.340,,8,131,207,False,86.795823,25.934801,,False,,,,4,4,True,
272,HB60,MADHEPURA,248,2025-06-13 15:24:50.340,,8,131,204,True,86.795823,25.934801,,False,9/30/2025 12:00:00 AM,,,4,4,False,
273,HG12,MARGAON,265,2025-06-13 15:24:50.340,,14,0,273,False,86.795823,25.934801,,False,,,,4,7,True,
274,HG13,SOUTH GOA(DABOLIM),265,2025-06-13 15:24:50.340,,14,0,273,True,73.846868,15.387815,200,False,2/28/2026 12:00:00 AM,,"NH566, Chicalim, Vasco da Gama, Mormugao, South Goa, Goa, 403802, India",4,7,True,
275,HJ26,DHANBAD(SUSNILEWA),253,2025-06-13 15:24:50.340,,8,142,234,True,86.795823,25.934801,,False,3/11/2025 12:00:00 AM,,,4,12,False,
276,HK23,BALLARY-INFANTRY-RD,264,2025-06-13 15:24:50.340,,14,0,251,True,86.795823,25.934801,,False,8/27/2025 12:00:00 AM,,,4,13,False,
278,HM34,BHOPAL (MANDIDEEP),269,2025-06-13 15:24:50.340,,9,150,254,False,86.795823,25.934801,,False,HOLD,,,4,14,True,
279,HM40,BHOPAL,269,2025-06-13 15:24:50.340,,7,155,216,False,86.795823,25.934801,,False,,,,4,14,True,
280,HN31,KARIMGANJ,258,2025-06-13 15:24:50.340,,7,164,211,True,92.370453,24.863902,50,False,3/3/2026 12:00:00 AM,,"NH37, Karimganj, Assam, 788710, India",4,3,False,
282,HN35,HOJAI,258,2025-06-13 15:24:50.340,,7,164,213,True,92.857197,26.006710,80,False,4/5/2026 12:00:00 AM,,"SH19;SH-017, Hojai, Assam, 782435, India",4,3,False,
283,HN36,NAGAON,258,2025-06-13 15:24:50.340,,7,0,201,True,92.699918,26.353430,200,False,1/13/2026 12:00:00 AM,,"Panigaon Chariali, ?????, Nagaon, Assam, 782001, India",4,3,False,
284,HN37,GUWAHATI (KALAPAHAR),258,2025-06-13 15:24:50.340,,7,164,213,False,86.795823,25.934801,,False,,,,4,3,True,
285,HN38,KOKRAJHAR,258,2025-06-13 15:24:50.340,,7,0,223,False,86.795823,25.934801,,False,,,,4,3,True,
286,HN40,GOALPARA,258,2025-06-13 15:24:50.340,,7,164,211,True,86.795823,25.934801,,False,8/23/2025 12:00:00 AM,,,4,3,False,
287,HN41,GUWAHATI (BELTOLA),258,2025-06-13 15:24:50.340,,7,164,213,False,86.795823,25.934801,,False,,,,4,3,True,
288,HN60,DIMAPUR,258,2025-06-13 15:24:50.340,,7,0,222,True,86.795823,25.934801,,False,9/25/2025 12:00:00 AM,,,4,18,False,
289,HO21,SNDRGH,287,2025-06-13 15:24:50.340,,22,177,284,True,86.795823,25.934801,,False,12/16/2020 12:00:00 AM,,,4,19,False,
293,HO37,BOUDH,287,2025-06-13 15:24:50.340,,22,177,284,False,86.795823,25.934801,,False,7/1/2026 12:00:00 AM,,,4,19,True,
294,HO41,NAYAGARH(NEAR SNV),287,2025-06-13 15:24:50.340,,22,176,280,True,86.795823,25.934801,,False,6/8/2025 12:00:00 AM,,,4,19,False,
295,HO42,CTK-2,287,2025-06-13 15:24:50.340,,22,176,281,True,86.795823,25.934801,,False,6/8/2025 12:00:00 AM,,,4,19,False,
296,HP04,LUDHIANA,263,2025-06-13 15:24:50.340,,9,0,220,True,86.795823,25.934801,,False,9/10/2025 12:00:00 AM,,,4,20,False,
299,HT22,RUDRAPUR,289,2025-06-13 15:24:50.340,,9,0,244,True,79.402069,28.978029,50,False,12/27/2025 12:00:00 AM,,"Shoppers Street, Kiccha Bypass Road, Awas Vikas, Rudrapur, Kichha, Udham Singh Nagar, Uttarakhand, 263153, India",4,25,False,
302,HU87,FARUKHABAD,252,2025-06-13 15:24:50.340,,9,141,259,False,86.795823,25.934801,,False,HOLD,,,4,24,True,
303,HU89,BAREILLY (CIVIL LINES),252,2025-06-13 15:24:50.340,,20,0,0,False,86.795823,25.934801,,False,,,,4,24,True,
304,HU94,DEORIA,252,2025-06-13 15:24:50.340,,20,0,267,True,86.795823,25.934801,,False,10/22/2025 12:00:00 AM,,,4,24,False,
305,HU96,LUCKNOW (ASHIYANA),252,2025-06-13 15:24:50.340,,20,0,277,True,86.795823,25.934801,,False,6/8/2025 12:00:00 AM,,,4,24,False,
306,HU98,HATHRAS,252,2025-06-13 15:24:50.340,,20,0,0,False,86.795823,25.934801,,False,,,,4,24,True,
307,HU99,AGRA- SIKANDRA (LOHA MANDI),252,2025-06-13 15:24:50.340,,20,0,0,True,77.954643,27.204298,50,False,4/24/2026 12:00:00 AM,,"Karkunj Road, Sikandra, Agra, Uttar Pradesh, 282007, India",4,24,True,
309,HW23,NSOL-2,266,2025-06-13 15:24:50.340,,14,157,226,False,86.795823,25.934801,,False,HOLD,,,4,26,True,
310,HW27,BASIRHAT,266,2025-06-13 15:24:50.340,,14,0,226,False,86.795823,25.934801,,False,,,,4,,True,
311,HX11,JAMMU,262,2025-06-13 15:24:50.340,,9,0,218,True,86.795823,25.934801,,False,12/20/2024 12:00:00 AM,,,4,11,False,
313,RH01,HO-NEW,,2025-06-13 15:24:50.340,,13,,,True,86.795823,25.934801,200,False,,,,1,9,False,
316,U100,AGRA- SANJAY PLACE,252,2025-06-13 15:24:50.340,,20,0,0,True,86.795823,25.934801,,False,9/29/2025 12:00:00 AM,,,4,24,False,
317,U102,BELA PRATAPGARH,252,2025-06-13 15:24:50.340,,20,0,264,True,86.795823,25.934801,,False,6/28/2025 12:00:00 AM,,,4,24,False,
318,U103,NOIDA (OMAXE MALL),252,2025-06-13 15:24:50.340,,20,0,0,True,86.795823,25.934801,,False,8/23/2025 12:00:00 AM,,,4,24,False,
319,U105,ALIGARH,252,2025-06-13 15:24:50.340,,20,0,0,True,86.795823,25.934801,,False,8/30/2025 12:00:00 AM,,,4,24,False,
320,U109,SAHARANPUR,252,2025-06-13 15:24:50.340,,20,0,0,False,86.795823,25.934801,,False,,,,4,24,True,
321,U110,KANPUR AMBEDKARPURAM,252,2025-06-13 15:24:50.340,,9,141,259,False,86.795823,25.934801,,False,HOLD,,,4,24,True,
324,V2S,V2S,,2026-05-22 05:17:21.193,,,,,True,86.795823,25.934801,150,False,,False,,,,True,False
325,MISS,MISSING,,2026-05-22 05:17:21.193,,,,,True,86.795823,25.934801,150,False,,False,,,,True,False
326,U107,ALLAHBAD(NAINI),252,2025-07-10 05:38:06.873,,20,0,264,True,86.795823,25.934801,,False,8/14/2025 12:00:00 AM,,,4,24,False,
328,RH02,Central,,2025-07-17 09:48:30.903,,,,,True,77.074228,28.492001,100,False,,False,,,,True,False
337,U111,MEERUT,252,2025-07-18 07:49:45.883,,20,0,0,True,86.795823,25.934801,,False,8/12/2025 12:00:00 AM,,,4,24,False,
350,HB59,MUZAFFARPUR,248,2025-07-19 12:56:24.253,,8,131,207,True,86.795823,25.934801,,False,11/16/2025 12:00:00 AM,,,4,4,False,
359,HH15,FATEHABAD,257,2025-07-19 12:56:24.253,,9,0,247,True,86.795823,25.934801,,False,9/29/2025 12:00:00 AM,,,4,9,False,
360,HH16,AMBALA CANTT,257,2025-07-19 12:56:24.253,,9,0,247,True,86.795823,25.934801,,False,8/23/2025 12:00:00 AM,,,4,9,False,
361,HH17,KURUKSHETRA,257,2025-07-19 12:56:24.253,,9,0,247,True,86.795823,25.934801,,False,7/29/2025 12:00:00 AM,,,4,9,False,
362,HH18,SONIPAT,257,2025-07-19 12:56:24.253,,9,0,247,False,86.795823,25.934801,,False,,,,4,9,True,
363,HI07,UNA,254,2025-07-19 12:56:24.253,,9,0,220,True,86.795823,25.934801,,False,9/25/2025 12:00:00 AM,,,4,10,False,
365,HJ28,RANCHI(PISCA),253,2025-07-19 12:56:24.253,,8,142,232,True,86.795823,25.934801,,False,9/14/2025 12:00:00 AM,,,4,12,False,
366,HJ29,GIRIDIH (JAMUA RD),253,2025-07-19 12:56:24.253,,8,142,234,True,86.795823,25.934801,,False,11/27/2025 12:00:00 AM,,,4,12,False,
367,HJ30,GODDA(V MART BESIDE),253,2025-07-19 12:56:24.253,,8,142,235,True,86.795823,25.934801,,False,9/20/2025 12:00:00 AM,,,4,12,False,
370,HK24,CHIKKAMAGALURU,264,2025-07-19 12:56:24.253,,14,0,253,True,86.795823,25.934801,,False,8/13/2025 12:00:00 AM,,,4,13,False,
371,HM41,JABALPUR-2,269,2025-07-19 12:56:24.253,,7,155,215,True,86.795823,25.934801,,False,8/31/2025 12:00:00 AM,,,4,14,False,
373,HN42,NORTH LAKHIMPUR,258,2025-07-19 12:56:24.253,,7,164,210,True,86.795823,25.934801,,False,12/5/2025 12:00:00 AM,,,4,3,False,
375,HO43,RAYAGADA,287,2025-07-19 12:56:24.253,,22,177,283,True,86.795823,25.934801,,False,10/12/2025 12:00:00 AM,,,4,19,False,
376,HP06,BATALA,263,2025-07-19 12:56:24.253,,9,0,217,True,86.795823,25.934801,,False,10/18/2025 12:00:00 AM,,,4,20,False,
377,HP07,MOHALI,263,2025-07-19 12:56:24.253,,9,0,254,True,86.795823,25.934801,20,False,9/10/2025 12:00:00 AM,,9th Avenue Landra kharar road Mohali,4,20,True,
378,HP08,DHURI,263,2025-07-19 12:56:24.253,,9,0,221,True,86.795823,25.934801,,False,9/27/2025 12:00:00 AM,,,4,20,False,
379,HP09,KAPURTHALA,263,2025-07-19 12:56:24.253,,9,0,217,True,86.795823,25.934801,,False,11/15/2025 12:00:00 AM,,,4,20,False,
380,HP10,NAWANSHAHR,263,2025-07-19 12:56:24.253,,9,0,221,True,86.795823,25.934801,,False,10/29/2025 12:00:00 AM,,,4,20,False,
381,HP16,FATEHGARH,263,2025-07-19 12:56:24.253,,9,0,217,True,76.392354,30.635239,50,False,3/22/2026 12:00:00 AM,,"Fatehgarh Sahib -Sirhind Road, Sirhind, Fatehgarh Sahib Tahsil, ??????? ?????, Punjab, 140406, India",4,20,True,
382,HR20,SRI GANGANAGAR,255,2025-07-19 12:56:24.253,,22,178,288,True,86.795823,25.934801,,False,10/11/2025 12:00:00 AM,,,4,21,False,
408,HY01,HANAMKONDA(MULUG ROAD CROSING),270,2025-07-19 12:56:24.253,,14,0,225,True,86.795823,25.934801,70,False,11/23/2025 12:00:00 AM,,"Near Guardian Hospital, Mulug Road, Beside Nexa Showroom (Opposite Side), Warangal Hanamkonda, Telangana, 506001",4,22,False,
409,U108,PHAPHAMAU,252,2025-07-19 12:56:24.253,,20,0,264,False,86.795823,25.934801,,False,,,,4,24,True,
410,U112,MUZAFFARNAGAR,252,2025-07-19 12:56:24.253,,20,0,0,True,86.795823,25.934801,,False,9/21/2025 12:00:00 AM,,,4,24,False,
411,U114,GORAKHPUR (MEDICAL ROAD),252,2025-07-19 12:56:24.253,,20,0,266,True,86.795823,25.934801,,False,8/2/2025 12:00:00 AM,,,4,24,False,
412,HM44,UJJAIN-2,269,2025-08-07 08:46:20.330,,7,155,214,True,86.795823,25.934801,,False,9/20/2025 12:00:00 AM,,,4,14,False,
417,HO45,TALCHER,287,2025-08-08 13:22:16.290,,22,176,279,True,86.795823,25.934801,,False,8/30/2025 12:00:00 AM,,,4,19,False,
418,HO44,BARGARH-2,287,2025-08-08 13:22:31.233,,22,177,283,True,86.795823,25.934801,,False,8/27/2025 12:00:00 AM,,,4,19,False,
420,HK25,UTTARAHALLI,264,2025-08-21 15:39:06.080,,14,0,250,True,86.795823,25.934801,,False,9/22/2025 12:00:00 AM,,,4,13,False,
421,HW29,BARRACKPORE,266,2025-08-21 15:39:06.080,,14,157,227,False,86.795823,25.934801,,False,HOLD,,,4,26,True,
422,HC03,BILASPUR,286,2025-08-28 16:25:33.640,,14,0,270,True,86.795823,25.934801,,False,10/11/2025 12:00:00 AM,,,4,5,False,
423,HV01,DINDOLI,272,2025-08-28 16:25:33.640,,22,178,285,True,86.795823,25.934801,,False,9/28/2025 12:00:00 AM,,,4,8,False,
424,HK27,BELGAUM-3,264,2025-08-28 19:50:04.473,,14,0,251,True,86.795823,25.934801,,False,11/4/2025 12:00:00 AM,,,4,13,False,
425,HW31,KANCHRAPARA,266,2025-08-30 05:14:19.343,,14,0,240,True,86.795823,25.934801,,False,9/19/2025 12:00:00 AM,,,4,26,False,
426,HO46,BALASORE-2,287,2025-09-08 08:53:46.673,,22,176,279,True,86.795823,25.934801,,False,11/8/2025 12:00:00 AM,,,4,19,False,
427,HP12,JALANDHAR,263,2025-09-11 09:10:12.733,,9,0,221,True,86.795823,25.934801,,False,10/19/2025 12:00:00 AM,,,4,20,False,
428,HP11,HOSHIARPUR,263,2025-09-11 09:10:12.737,,9,0,217,True,86.795823,25.934801,,False,10/26/2025 12:00:00 AM,,,4,20,False,
429,HX15,DODA,262,2025-09-11 09:10:12.737,,9,0,218,True,86.795823,25.934801,,False,11/16/2025 12:00:00 AM,,,4,11,False,
430,HN43,IMPHAL-PCTC-MALL,285,2025-09-11 09:10:12.737,,7,164,248,True,93.935711,24.809662,50,False,12/30/2025 12:00:00 AM,,"Babupara, Porompat, Imphal East, Manipur, 795001, India",4,16,False,
431,HP13,TARN TARAN,263,2025-09-11 09:10:12.737,,9,0,254,True,86.795823,25.934801,,False,2/6/2026 12:00:00 AM,,Tarntaran ,4,20,True,
432,HM42,AMOUDHA-SATNA,269,2025-09-11 09:10:12.737,,7,155,263,True,86.795823,25.934801,,False,10/27/2025 12:00:00 AM,,,4,14,False,
433,HR22,JAIPUR (MANSAROVAR),255,2025-09-11 09:10:12.737,,22,178,287,True,86.795823,25.934801,,False,11/26/2025 12:00:00 AM,,,4,21,False,
434,U115,KHODA,252,2025-09-11 09:10:12.737,,20,0,0,True,86.795823,25.934801,,False,1/11/2026 12:00:00 AM,,,4,24,False,
435,U116,PILLIBHIT,252,2025-09-17 08:00:31.350,,20,0,0,True,79.817309,28.623864,50,False,2/25/2026 12:00:00 AM,,"Pilibhit, Uttar Pradesh, 262001, India",4,24,False,
436,HB61,PATNA(BHOOTHNATH),248,2025-09-17 08:00:31.350,,8,1,269,False,86.795823,25.934801,,False,,,,4,4,True,
437,HB62,GAYA-2,248,2025-09-17 08:00:31.350,,8,1,203,True,86.795823,25.934801,,False,4/24/2026 12:00:00 AM,,,4,4,False,
438,HC05,JAGDALPUR(BESIDE VMM),286,2025-09-17 08:00:31.353,,14,0,272,False,86.795823,25.934801,,False,,,,4,5,True,
439,U113,MAINPURI,252,2025-09-17 08:00:31.353,,20,0,0,True,79.047524,27.232723,200,False,11/29/2025 12:00:00 AM,,"SH84, Mainpuri, Uttar Pradesh, 205001, India",4,24,False,
440,HX51,OSMANABAD,271,2025-09-18 08:14:15.623,,14,0,270,True,86.795823,25.934801,,False,11/30/2025 12:00:00 AM,,,4,15,False,
441,HA12,NAHARLAGUN,260,2025-09-18 08:14:15.630,,7,164,210,True,93.711266,27.109555,50,False,2/7/2026 12:00:00 AM,,"NH415, Naharlagun, Naharlagun EAC, Papum Pare, Arunachal Pradesh, 791110, India",4,2,False,
442,HN44,GOLAGHAT TOWN,258,2025-09-18 08:14:15.657,,7,164,248,True,93.966369,26.511089,100,False,12/6/2025 12:00:00 AM,,"SH-4007, Arengapara, BET MAHAL, Golaghat, Assam, 785621, India",4,3,True,
443,HB64,DARBHANGA-2,248,2025-09-20 21:02:00.083,,8,131,204,True,,,,False,10/24/2025 12:00:00 AM,,,4,4,False,
457,HB63,PATNA-4,248,2025-09-30 21:02:00.820,,8,1,269,True,,,,False,10/22/2025 12:00:00 AM,False,,4,4,False,
458,HC04,RAIGARH,286,2025-10-06 21:02:00.613,,14,157,228,False,,,,False,HOLD,False,,4,5,True,
459,HH19,REWARI,257,2025-10-06 21:02:00.613,,9,0,247,False,76.625617,28.197790,50,False,,False,"???????, Rewari, ??????? ????, Haryana, 123110, India",4,9,True,
460,HJ31,DHANBAD (GOVINDPUR),253,2025-10-06 21:02:00.613,,8,142,234,True,86.516826,23.834071,50,False,3/25/2026 12:00:00 AM,False,"Azad Dental Care, NH19, Gobindpur, Dhanbad, Jharkhand, 828109, India",4,12,False,
461,HK26,BANGALORE (CHANDAPURA),264,2025-10-06 21:02:00.613,,14,0,250,False,,,,False,,False,,4,13,True,
462,HK28,BIDAR,264,2025-10-06 21:02:00.613,,14,0,251,True,77.520722,17.915474,50,False,12/23/2025 12:00:00 AM,False,"Multani Colony, Old City, Bidar, Bidar taluku, Bidar, Karnataka, 585400, India",4,13,False,
463,HM45,RATLAM,269,2025-10-06 21:02:00.613,,7,155,214,False,,,,False,,False,,4,14,True,
464,HN45,SIVASAGAR,258,2025-10-06 21:02:00.613,,7,164,248,True,94.631315,26.979121,50,False,1/26/2026 12:00:00 AM,False,"Sibsagar, Sivasagar, Assam, 785640, India",4,3,True,
465,HP14,ABOHAR-FAZILKA,263,2025-10-06 21:02:00.613,,9,0,220,True,0.000000,0.000000,50,False,1/28/2026 12:00:00 AM,False,0,4,20,False,
466,HR23,SIKAR,255,2025-10-06 21:02:00.613,,22,178,288,False,,,,False,7/1/2026 12:00:00 AM,False,,4,21,True,
467,HR24,JHUNJHUNU,255,2025-10-06 21:02:00.613,,22,178,287,True,75.406233,28.117790,200,False,1/4/2026 12:00:00 AM,False,"NH11, ???????, Jhunjhunun Tehsil, Jhunjhunu, Rajasthan, 333001, India",4,21,False,
468,HT23,ALMORA,289,2025-10-06 21:02:00.613,,9,0,244,True,79.646814,29.585827,50,False,1/3/2026 12:00:00 AM,False,"Almora Bageshwar Highway, Lala Bazar, ?????????, Almora, Uttarakhand, 263600, India",4,25,True,
469,HW30,JALPAIGURI,266,2025-10-06 21:02:00.613,,14,157,227,False,,,,False,HOLD,False,,4,26,True,
470,U117,AYODHYA,252,2025-10-06 21:02:00.613,,20,0,0,True,82.163260,26.771840,200,False,1/1/2026 12:00:00 AM,False,"Beniganj, Faizabad, ????????? ?????, ??????? ????, Uttar Pradesh, 224001, India",4,24,True,
471,HH20,GURUGRAM SEC-14,257,2025-10-30 21:01:00.493,,9,0,242,True,,,,False,12/7/2025 12:00:00 AM,False,,4,9,False,
472,HX16,ANANTNAG,262,2025-11-04 07:48:04.640,,9,0,218,True,75.150652,33.716678,30,False,12/6/2025 12:00:00 AM,False,"Lal Chowk, Her Dialgam, Anantnag, Jammu and Kashmir, 192101, India",4,11,True,
473,HX17,RAJOURI,262,2025-11-04 07:48:04.647,,9,0,212,False,74.311125,33.382676,50,False,,False,"Rajouri, Rajauri, Rajouri District, Jammu and Kashmir, 185131, India",4,11,True,
474,HR25,BIKANER GOGA GATE,255,2025-11-04 07:48:04.650,,22,178,287,True,73.309094,28.002917,50,False,12/29/2025 12:00:00 AM,False,"Bikaner, Bikaner Tehsil, Bikaner, Rajasthan, 334001, India",4,21,True,
475,HN48,UDALGURI,258,2025-11-04 08:02:09.457,,7,164,210,True,92.096173,26.755103,60,False,4/19/2026 12:00:00 AM,False,"SH10, Udalguri, Udalguri tehsil, Udalguri, Assam, 784509, India",4,3,False,
476,HN47,MORIGOAN,258,2025-11-04 08:02:09.457,,7,0,201,True,92.333145,26.250324,50,False,2/4/2026 12:00:00 AM,False,"Marigaon, Assam, 782105, India",4,3,False,
477,HN46,MANGALDAI,258,2025-11-04 08:02:09.460,,7,0,201,True,92.028738,26.453789,50,False,3/10/2026 12:00:00 AM,False,"SH4, ???????, Mangaldoi (Pt), Darrang, Assam, 784125, India",4,3,False,
478,HS03,ANAKAPALLI,292,2025-11-04 08:02:09.460,,14,0,225,True,83.001804,17.685298,50,False,12/28/2025 12:00:00 AM,False,"Anakapalle - Pudimadaka Road, Anakapalle, Anakapalli, Andhra Pradesh, 531001, India",4,1,False,
479,HM46,SINGRAULI (WAIDHAN),269,2025-11-04 08:02:09.463,,7,155,263,True,82.625601,24.062256,50,False,2/8/2026 12:00:00 AM,False,"Waidhan, ?????, Singrauli Tahsil, Singrauli, Madhya Pradesh, 486885, India",4,14,True,
480,HR26,NAGAUR,255,2025-11-07 06:06:27.050,,22,178,287,True,73.753571,27.198015,50,False,12/28/2025 12:00:00 AM,False,"SH19;90, Nagaur, Nagaur Tehsil, Nagaur, Rajasthan, 341001, India",4,21,False,
482,HS04,VISHAKHAPATNAM,292,2025-11-14 08:24:10.407,,14,0,228,True,83.237853,17.742172,50,False,12/27/2025 12:00:00 AM,False,"Santhi Nagar, Netaji Colony, Visakhapatnam, Visakhapatnam (Urban), ????????????, Andhra Pradesh, 530001, India",4,1,False,
483,HX18,BUDGAM,262,2025-11-14 08:24:10.410,,9,0,212,False,,,,False,,False,,4,11,True,
484,HP17,BATHINDA (AMRIK SINGH ROAD),263,2025-11-19 17:10:50.873,,9,0,221,True,74.936035,30.213891,50,False,2/25/2026 12:00:00 AM,False,"????? ???? ???, ?? ?????, ???? ???, Bathinda, Bathinda Tahsil, ???????, Punjab, 151001, India",4,20,True,
485,HN49,HAILAKANDI,258,2025-11-19 17:10:50.877,,7,164,211,False,,,,False,,False,,4,3,True,
486,HK30,MANDYA,264,2025-11-19 17:10:50.877,,14,0,250,False,76.890908,12.524050,50,False,,False,"MIMS doctors quarters, Mandya, Mandya taluk, Mandya, Karnataka, 571401, India",4,13,True,
487,HN80,KANCHIPUR IMPHAL(MANIPUR),285,2025-11-19 17:10:50.877,,7,164,248,True,93.935541,24.809260,50,False,1/16/2026 12:00:00 AM,False,"Babupara, Porompat, Imphal East, Manipur, 795001, India",4,16,False,
488,HR27,RAJSAMAND,255,2025-11-19 17:10:50.877,,22,178,288,False,,,,False,7/1/2026 12:00:00 AM,False,,4,21,True,
489,HS06,MADANAPALLI,292,2025-11-27 21:01:00.237,,14,0,253,True,78.512135,13.564337,50,False,1/4/2026 12:00:00 AM,False,"Anantpur - Madanapalle - Tirupathi - Tirutani - Chennai, Nirugattupalle, Pangunuruvaripalle, Madanapalle, Annamayya, Andhra Pradesh, 517325, India",4,1,False,
490,HB65,PATNA (RAJEEV NAGAR),248,2025-12-03 21:01:00.370,,8,1,202,True,,,,False,1/24/2026 12:00:00 AM,False,,4,4,False,
491,HS05,GUNTUR(ANDHRA PRADESH),292,2025-12-03 21:01:00.370,,14,0,228,True,80.441335,16.303035,50,False,4/15/2026 12:00:00 AM,False,"Arundelpeta 4th line, Railpet, Arundelpet, Guntur Municipal Corporation, Guntur, Andhra Pradesh, 522002, India",4,1,False,
492,HH21,BADSHAHPUR GURGAON,257,2025-12-06 21:01:00.837,,9,0,242,True,77.048184,28.392406,50,False,4/5/2026 12:00:00 AM,False,"Badshahpur, Gurgaon, Haryana, 122101, India",4,9,False,
493,HM48,GWALIOR 2,269,2025-12-06 21:01:00.837,,7,155,243,True,78.168005,26.212337,50,False,3/31/2026 12:00:00 AM,False,"Gwalior, ????????, Gird Tahsil, ????????, Madhya Pradesh, 474001, India",4,14,True,
494,HM49,INDORE (MANGAL CITY),269,2025-12-06 21:01:00.837,,7,155,215,True,75.883466,22.742655,50,False,3/29/2026 12:00:00 AM,False,"Indore City, Indore, Juni Indore Tahsil, ?????? ?????, Madhya Pradesh, 452001, India",4,14,True,
495,U118,SIKOHABAD,252,2025-12-06 21:01:00.837,,20,0,0,True,78.589088,27.113674,50,False,3/21/2026 12:00:00 AM,False,"NH19, Propesser Colony, Shikohabad, ?????????, Uttar Pradesh, 205135, India",4,24,True,
496,HR28,AJMER,255,2025-12-09 21:01:00.303,,22,178,288,True,74.631091,26.491540,50,False,2/27/2026 12:00:00 AM,False,"Ajmer, Ajmer Tehsil, Ajmer, Rajasthan, 305004, India",4,21,True,
497,HT24,CHAMPAWAT,289,2025-12-10 04:34:34.933,,9,0,244,True,80.094809,29.338948,50,False,3/29/2026 12:00:00 AM,False,"NH9, Banlekh, Champawat, Uttarakhand, India",4,25,False,
498,HM47,BHOPAL(RAISEN ROAD),269,2025-12-10 04:34:34.933,,7,155,216,False,77.503320,23.252110,50,False,4/30/2026 12:00:00 AM,False,"Raisen Road, Manak Vihar, Bhopal, Huzur Tahsil, ?????, Madhya Pradesh, 462001, India",4,14,True,
499,HO47,BHAWANI PATNA (ODISHA),287,2025-12-10 04:34:34.933,,22,177,284,False,,,,False,6/1/2026 12:00:00 AM,False,,4,19,True,
500,HX19,KISHTWAR,262,2025-12-10 04:34:34.933,,9,0,218,True,75.766793,33.311322,50,False,2/19/2026 12:00:00 AM,False,"Kishtwar, Jammu and Kashmir, 182204, India",4,11,True,
556,HL03,ANANAD(RAJPATH MARG),272,2025-12-23 02:35:03.333,,22,178,286,True,72.944457,22.565213,50,False,4/16/2026 12:00:00 AM,False,"Rajpath Marg, Anand, Anand City Taluka, Anand, Gujarat, 388001, India",4,8,True,
557,U120,SULTANPUR,252,2025-12-23 02:35:03.333,,20,0,277,False,,,,False,,False,,4,24,True,
558,HW33,DOMKAL,266,2025-12-23 02:35:03.333,,14,0,209,True,88.556540,24.119237,50,False,2/4/2026 12:00:00 AM,False,"Domkal, Murshidabad, West Bengal, 742303, India",4,26,False,
559,HP18,PANCHKULA,263,2025-12-23 02:35:03.337,,9,0,219,True,76.851437,30.654228,50,False,4/1/2026 12:00:00 AM,False,"Dera Bassi Tahsil, Sahibzada Ajit Singh Nagar, Punjab, 160104, India",4,20,False,
560,HO48,SONEPUR (ODISHA),287,2025-12-23 02:35:03.337,,22,177,284,False,,,,False,6/1/2026 12:00:00 AM,False,,4,19,True,
561,HS07,ONGOLE,292,2025-12-23 02:35:03.337,,14,0,228,False,80.048520,15.493684,50,False,5/5/2026 12:00:00 AM,False,"Ramnagar, Santapeta, Ongole, Prakasam, Andhra Pradesh, 523002, India",4,1,True,
562,HW32,JAIGAON (WEST BENGAL),266,2025-12-23 02:35:03.340,,14,0,240,True,89.381897,26.855032,50,False,2/19/2026 12:00:00 AM,False,"NH317A, Raigaon, Jaigaon, Kalchini, Alipurduar, West Bengal, 735182, India",4,26,False,
563,HN61,KOHIMA,296,2025-12-23 02:35:03.340,,7,0,222,False,,,,False,,False,,4,18,True,
564,HX52,BARAMATI,271,2025-12-23 02:35:03.340,,14,0,270,True,74.583269,18.156820,50,False,3/6/2026 12:00:00 AM,False,"Bhigwan Road, Vasant Nagar, Amrai, Baramati, Pune District, Maharashtra, 413102, India",4,15,True,
567,HB66,KATIHAR,248,2025-12-31 21:01:00.420,,8,1,205,False,,,,False,,False,,4,4,True,
568,HC06,DHAMTARI,286,2025-12-31 21:01:00.420,,14,0,272,False,,,,False,,False,,4,5,True,
569,HD33,KHICHRIPUR,256,2025-12-31 21:01:00.420,,9,0,242,False,,,,False,,False,,4,6,True,
570,HK29,BEGUR- KOPPA ROAD,264,2025-12-31 21:01:00.420,,19,162,229,False,,,,False,HOLD,False,,4,13,True,
571,HL02,AATMAN-SURAT,272,2025-12-31 21:01:00.420,,22,178,286,False,72.877720,21.182308,50,False,5/1/2026 12:00:00 AM,False,"Udhna Taluka, ????, Gujarat, 395011, India",4,8,True,
572,HL04,NADIAD,272,2025-12-31 21:01:00.420,,22,178,285,True,72.885251,22.672464,50,False,4/23/2026 12:00:00 AM,False,"Nadiad Taluka, Kheda, Gujarat, 387370, India",4,8,False,
573,HL05,PATAN,272,2025-12-31 21:01:00.420,,22,178,286,True,72.132056,23.849448,50,False,4/26/2026 12:00:00 AM,False,"Lifeline ICU and Emergency Hospital, NH68, Patan, Patan Taluka, Patan, Gujarat, 384265, India",4,8,False,
574,HL06,KSB TRIDENT SURAT,272,2025-12-31 21:01:00.420,,22,178,285,True,72.814688,21.148564,50,False,3/5/2026 12:00:00 AM,False,"Majura Taluka, Surat, Gujarat, 395017, India",4,8,True,
575,HL07,PALANPUR,272,2025-12-31 21:01:00.420,,22,178,286,False,72.420118,24.180874,50,False,5/1/2026 12:00:00 AM,False,"NH27, Palanpur, Palanpur Taluka, Banaskantha, Gujarat, 385001, India",4,8,True,
576,HM43,KHANDWA,269,2025-12-31 21:01:00.420,,10,155,214,False,,,,False,HOLD,False,,4,14,True,
577,HM50,GUNA,269,2025-12-31 21:01:00.420,,7,155,243,True,77.291582,24.633419,50,False,4/6/2026 12:00:00 AM,False,"SH54, Guna, ????, Guna NagarTahsil, ????, Madhya Pradesh, 473001, India",4,14,False,
578,HM51,ITARSI,269,2025-12-31 21:01:00.420,,7,155,215,False,,,,False,,False,,4,14,True,
579,HN50,SONARI,258,2025-12-31 21:01:00.420,,7,0,201,False,,,,False,,False,,4,3,True,
580,HO49,BALANGIR (ODISHA),287,2025-12-31 21:01:00.420,,22,177,282,True,83.464184,20.708967,50,False,4/29/2026 12:00:00 AM,False,"Patnagarh Road, Balangir, Odisha, 767001, India",4,19,True,
581,HP15,PATIALA-LEELA BHAWAN,263,2025-12-31 21:01:00.420,,12,156,246,False,,,,False,HOLD,False,,4,20,True,
583,HP20,FIROZPUR,263,2025-12-31 21:01:00.420,,9,0,217,False,74.612873,30.965885,50,False,,False,"Firozpur, Firozpur Tahsil, Firozpur, Punjab, 152001, India",4,20,True,
584,HW28,DANKUNI (NEW),266,2025-12-31 21:01:00.420,,19,157,226,False,,,,False,HOLD,False,,4,,True,
585,HW34,NAIHATI,266,2025-12-31 21:01:00.420,,14,0,239,False,,,,False,,False,,4,26,True,
586,HW35,PURALIA,266,2025-12-31 21:01:00.420,,14,0,229,False,86.362460,23.343418,50,False,,False,"NH314, Puruliya, Purulia, Purulia - II, Purulia, West Bengal, 723101, India",4,26,True,
587,HY02,KARIMNAGAR (AZMATHPURA),270,2025-12-31 21:01:00.420,,14,0,225,True,79.131215,18.437729,50,False,,False,"Karimnagar, Karimnagar mandal, ??????? ????, Telangana, 505001, India",4,22,False,
588,U119,JHANSI-1,252,2025-12-31 21:01:00.420,,20,0,0,False,,,,False,,False,,4,24,True,
589,U121,JHANSI -2,252,2025-12-31 21:01:00.420,,20,0,0,False,78.529714,25.455867,50,False,,False,"Tikamgarh - Jhansi Road, Azad Ganj, Jhansi, ?????, Uttar Pradesh, 284003, India",4,24,True,
592,HP21,ALANDHAR-2,263,2026-01-22 05:05:01.387,,9,0,221,False,,,,False,,False,,4,20,True,
593,HP22,PATIALA,263,2026-01-22 05:05:01.387,,9,0,254,False,,,,False,,False,,4,20,True,
594,HD34,UTTAM-NAGAR,256,2026-01-22 05:05:01.387,,9,0,231,True,77.042722,28.620178,50,False,3/20/2026 12:00:00 AM,False,"Shivaji Marg, Nawada, Patel Nagar, West Delhi, Delhi, 110059, India",4,6,True,
595,HW36,CHAKDAHA,266,2026-01-22 05:05:01.390,,14,0,209,False,88.540295,23.080924,50,False,,False,"Chakdaha  City, ??????, Chakdaha, Nadia, West Bengal, 741222, India",4,26,True,
596,HR29,UDAIPUR-CENTRAL,255,2026-01-22 05:05:01.390,,22,178,288,False,,,,False,7/1/2026 12:00:00 AM,False,,4,21,True,
597,HB67,GOPALGANJ-2,248,2026-01-22 05:05:01.390,,8,131,268,True,84.437796,26.469928,50,False,3/29/2026 12:00:00 AM,False,"Gopalganj, Bihar, 841428, India",4,4,False,
598,HW37,DHUPGURI,266,2026-01-22 05:05:01.390,,14,0,239,False,,,,False,,False,,4,26,True,
599,HM52,RAJGARH,269,2026-02-02 07:43:52.617,,7,155,263,False,,,,False,,False,,4,14,True,False
600,HF01,NAMCHI,0,2026-02-05 21:01:00.630,,7,164,210,False,,,,False,,False,,4,27,True,False
601,HN62,CHUMOUKEDIMA,296,2026-02-05 21:01:00.630,,7,0,222,False,,,,False,,False,,4,18,True,False
602,HM53,KHANDWA,269,2026-02-11 03:29:28.830,,7,155,265,False,,,,False,,False,,4,14,True,False
603,HI08,POANTA (SIRMOUR),254,2026-02-11 03:29:28.830,,9,0,220,False,,,,False,,False,,4,10,True,False
606,HM54,PANDHNA,269,2026-03-12 03:37:55.710,,7,155,263,False,78.537218,21.588648,100,False,,False,"Bamhani, Pandhurna, Pandhurna Tahsil, Pandhurna, Madhya Pradesh, India",4,14,True,False
607,HX53,WAGHOLI,271,2026-03-12 03:37:55.713,,14,0,270,False,74.003193,18.591288,50,False,,False,"Reliance Smart Point, Bakori Road, Wagholi, Pune City Subdistrict, Pune District, Maharashtra, 412207, India",4,15,True,False
608,U122,SIDDHARTHNAGAR,252,2026-03-12 03:37:55.713,,20,0,266,True,83.083042,27.259913,50,False,,False,"NH730, Naugarh, Siddharthnagar, Uttar Pradesh, 272203, India",4,24,False,False
609,U127,KANPUR,252,2026-03-12 03:37:55.713,,20,0,0,False,80.273083,26.482230,50,False,,False,"Armapur, Kanpur, Kanpur Nagar, Uttar Pradesh, 208024, India",4,24,True,False
610,U125,FATEHPUR,252,2026-03-12 03:39:15.883,,20,0,0,False,,,,False,,False,,4,24,True,False
611,HO51,ASIKA,287,2026-03-17 06:22:32.777,,22,177,284,True,84.665612,19.613609,50,False,4/29/2026 12:00:00 AM,False,"?????, Asika, Ganjam, Odisha, 761110, India",4,19,False,False
612,HX20,KATHUA,262,2026-03-17 06:22:32.777,,9,0,218,False,,,,False,,False,,4,11,True,False
613,HB68,PURNIA-2,248,2026-03-19 09:34:55.457,,8,1,208,False,87.501369,25.785553,50,False,,False,"Purnia, Purnia East, Purnia, Bihar, 854301, India",4,4,True,False
614,HL09,VADODARA (KENDRANAGAR) WAGHODIA ROAD,272,2026-03-19 09:34:55.460,,22,178,286,False,73.244300,22.286697,50,False,5/1/2026 12:00:00 AM,False,"Narayan School Road, Vadodara, Vadodara East Taluka, Vadodara, Gujarat, 390001, India",4,8,True,False
615,HL10,NAVSARI,272,2026-03-19 09:34:55.460,,22,178,286,False,72.919837,20.948890,50,False,5/1/2026 12:00:00 AM,False,"Nagtalavdi Rd, Navsari, Navsari Taluka, Navsari, Gujarat, 396400, India",4,8,True,False
616,HL11,SURENDRANAGAR,272,2026-03-19 09:34:55.460,,22,178,286,False,,,,False,5/1/2026 12:00:00 AM,False,,4,8,True,False
617,HP23,BARNALA,263,2026-03-19 09:34:55.463,,9,0,217,False,75.549040,30.364805,50,False,,False,"Barnala, Barnala Tahsil, Barnala, Punjab, 148101, India",4,20,True,False
618,U129,GHAZIABAD (RAJENDRA NAGAR),252,2026-03-19 09:34:55.463,,20,0,0,False,77.352994,28.677119,50,False,,False,"GT Road, Shyam Enclave, Rajendra Nagar, Ghaziabad, Uttar Pradesh, 201011, India",4,24,True,False
619,U126,MAHARAJGANJ (ANAND NAGAR),252,2026-03-19 09:34:55.467,,20,0,267,False,,,,False,,False,,4,24,True,False
620,HC09,DURG,286,2026-03-19 09:34:55.467,,14,0,272,False,81.294896,21.173630,50,False,,False,"Durg, Durg Tahsil, Durg, Chhattisgarh, 491002, India",4,5,True,False
621,HL08,BARDOLI,272,2026-03-19 09:34:55.470,,22,178,286,False,73.088325,21.148527,100,False,5/1/2026 12:00:00 AM,False,"Umrakh Hospital, SH165, Bardoli, Bardoli Taluka, ????, Gujarat, 394601, India",4,8,True,False
622,HA13,ZIRO,260,2026-03-19 09:34:55.470,,7,164,210,False,,,,False,,False,,4,2,True,False
623,HW42,DOMJUR(HOWRAH),266,2026-03-19 09:34:55.470,,14,0,226,False,,,,False,,False,,4,26,True,False
624,HC08,MUNGELI,286,2026-03-19 09:34:55.473,,14,0,272,False,,,,False,,False,,4,5,True,False
625,U128,SAHARANPUR (CHIRUKI),252,2026-03-19 09:34:55.473,,20,0,0,False,,,,False,,False,,4,24,True,False
626,U124,MATHURA,252,2026-03-19 09:34:55.477,,20,0,0,False,,,,False,,False,,4,24,True,False
627,HW44,RATUA (WEST BENGAL),266,2026-03-30 11:48:00.657,,14,0,226,False,88.643581,23.338742,50,False,,False,"Bagula, Hanskhali, Nadia, West Bengal, 741502, India",,26,True,False
628,U123,GHAZIABAD (LAL KUAN),252,2026-03-30 11:48:00.657,,20,0,0,True,77.463909,28.634092,50,False,,False,"Grand Trunk Road, Ghaziabad, Uttar Pradesh, 201016, India",,24,False,False
629,HH22,PALWAL,257,2026-03-30 11:48:00.660,,9,0,230,False,77.334820,28.146887,50,False,,False,"????, Palwal, ????, Haryana, 121102, India",,9,True,False
630,U131,JHANSI (MISSION COMPOUND),252,2026-03-30 11:48:00.660,,20,0,0,True,78.562886,25.459368,50,False,,False,"Balaji Colony, Jhansi, Uttar Pradesh, 284002, India",,24,False,False
631,HN81,IMPHAL-AIRPORT RD,285,2026-03-30 11:48:00.663,,7,164,248,False,,,,False,,False,,,16,True,False
632,HC07,MAHASAMUND,286,2026-04-01 04:19:03.087,,14,0,272,False,82.092184,21.103325,50,False,,False,"Mahasamund, Mahasamund Tahsil, ?????????, Chhattisgarh, 493445, India",,5,True,False
633,HP24,FARIDKOT,263,2026-04-01 04:19:03.090,,9,0,220,False,74.750350,30.665099,50,False,,False,"Faridkot, Faridkot Tahsil, ???????, Punjab, 151200, India",,20,True,False
634,HR30,KOTA (DADABARI),255,2026-04-01 04:19:03.090,,22,178,288,False,,,,False,7/1/2026 12:00:00 AM,False,,,21,True,False
635,HK31,RAMANAGARA,264,2026-04-01 04:19:03.093,,14,162,209,False,,,,False,5/17/2026 12:00:00 AM,False,,,13,True,False
636,HW39,BOGULA,266,2026-04-01 04:19:03.097,,14,157,226,False,88.643581,23.338742,50,False,5/18/2026 12:00:00 AM,False,"Bagula, Hanskhali, Nadia, West Bengal, 741502, India",,26,True,False
637,U130,MORADABAD,252,2026-04-01 04:19:03.097,,9,141,259,False,78.744845,28.833242,50,False,5/18/2026 12:00:00 AM,False,"Delhi Road, Moradabad, Uttar Pradesh, 244001, India",,24,True,False
638,HS08,TADEPALLIGUDEM,292,2026-04-01 04:19:03.097,,14,157,225,False,81.524062,16.817119,50,False,5/20/2026 12:00:00 AM,False,"Narsapuram - Aswaraopeta Road, Tadepallegudem, Tadepalligudem, West Godavari, Andhra Pradesh, 534100, India",,1,True,False
639,HW38,BIRBHUM,266,2026-04-09 10:10:01.240,,14,0,239,False,,,,False,,False,,,26,True,False
640,HS09,NELLORE,292,2026-04-09 05:16:49.887,,14,157,225,False,79.953663,14.407020,50,False,6/15/2026 12:00:00 AM,False,"MDR085, Sajid Nagar, Vikram Nagar, Vedayapalem, Nellore, Sri Potti Sriramulu Nellore, Andhra Pradesh, 524004, India",,1,True,False
641,HM56,MORENA,269,2026-04-09 11:20:09.813,,7,155,243,False,77.979996,26.489278,100,False,,False,"NH44, Jora Khurd, ??????, Madhya Pradesh, 476001, India",,14,True,False
644,HY03,NACHARAM,270,2026-04-29 11:14:46.293,,14,157,225,False,78.551229,17.428004,50,False,5/22/2026 12:00:00 AM,False,"Karthikeya Nagar, Nacharam, Ward 6 Nacharam, Greater Hyderabad Municipal Corporation East Zone, Hyderabad, Uppal mandal, Medchal–Malkajgiri, Telangana, 500076, India",,22,True,False
645,VWW01,VISHAL WATER WORLD,,2026-04-30 13:42:12.157,,,,,True,,,,False,,False,,,,False,False
647,HH23,PATAUDI,257,2026-05-05 04:56:07.540,,9,0,230,False,,,,False,#N/A,False,,,9,True,False
648,HB69,KISHANGANJ,248,2026-05-08 09:03:30.640,,8,1,205,False,,,,False,#N/A,False,,,,True,False
649,HN82,SENAPATI,285,2026-05-08 09:03:30.797,,7,164,248,False,,,,False,#N/A,False,,,,True,False
650,HZ01,AIZAWL,,2026-05-08 09:03:30.837,,7,,222,False,,,,False,#N/A,False,,,,True,False
651,HN51,BIJOYNAGAR,258,2026-05-08 09:03:30.840,,7,,223,False,,,,False,#N/A,False,,,,True,False
652,HW43,AMTALA,266,2026-05-08 09:03:30.957,,14,,239,False,,,,False,#N/A,False,,,,True,False
653,HW41,TUFANGANJ,266,2026-05-08 09:03:30.957,,14,,239,False,,,,False,#N/A,False,,,,True,False
654,HC10,BALODA BAZAR-BHATAPARA,286,2026-05-08 09:03:31.013,,14,,272,False,,,,False,#N/A,False,,,,True,False
655,HW45,COOCHBEHAR,266,2026-05-08 09:03:31.017,,14,,226,False,,,,False,#N/A,False,,,,True,False
656,HO50,GUNPUR,287,2026-05-08 09:03:31.047,,,,,False,,,,False,,False,,,19,True,False
658,U132,BULANSHAHAR,252,2026-05-08 09:03:31.170,,20,,,False,,,,False,,False,,,24,True,False
659,HP26,Malerkotla,263,2026-05-13 04:48:33.827,,9,169,254,False,,,,False,6/15/2026 12:00:00 AM,False,,,,True,False
660,HL13,PORBANDAR,272,2026-05-13 04:48:33.827,,22,178,286,False,,,,False,6/22/2026 12:00:00 AM,False,,,,True,False
661,HC11,BILASHPUR (USALAPUR),286,2026-05-13 04:48:33.830,,14,175,270,False,,,,False,6/27/2026 12:00:00 AM,False,,,,True,False
662,HL14,HIMMATNAGAR OPTION 1,272,2026-05-13 04:48:33.830,,22,178,286,False,,,,False,6/28/2026 12:00:00 AM,False,,,,True,False
663,DU08,VARANASI-HUB-2,,2026-05-14 03:30:27.290,,,,,True,,,,False,,False,,,24,False,False
2433,DB01,PTN-RDC,,2026-05-21 16:10:01.247,,,,,True,,,,False,,False,,,4,False,False
2434,DB03,PATNA-HUB,,2026-05-21 16:10:01.247,,,,,True,,,,False,,False,,,4,False,False
2435,DB05,MUZAFFARPUR-HUB,,2026-05-21 16:10:01.247,,,,,True,,,,False,,False,,,4,False,False
2436,DD03,KAPASHERA PLANT,,2026-05-21 16:10:01.247,,,,,True,,,,False,,False,,,6,False,False
2437,DH21,MNSR-DC,,2026-05-21 16:10:01.247,,,,,True,,,,False,,False,,,,False,False
2438,DH24,FRKH-NGR-RDC,,2026-05-21 16:10:01.247,,,,,True,,,,False,,False,,,9,False,False
2439,DH25,FRKH-NGR-DC-1,,2026-05-21 16:10:01.247,,,,,True,,,,False,,False,,,9,False,False
2440,DH26,JMLPR-RDC,,2026-05-21 16:10:01.247,,,,,True,,,,False,,False,,,9,False,False
2441,DH27,FRK-HUB,,2026-05-21 16:10:01.247,,,,,True,,,,False,,False,,,9,False,False
2442,DH30,FRKH-NGR-PRD,,2026-05-21 16:10:01.247,,,,,True,,,,False,,False,,,9,False,False
2443,DJ01,JAMSHEDPUR-HUB,,2026-05-21 16:10:01.247,,,,,True,,,,False,,False,,,12,False,False
2444,DJ02,DHANBAD-HUB,,2026-05-21 16:10:01.247,,,,,True,,,,False,,False,,,12,False,False
2445,DK01,BNGLR-DATA-CNTR,,2026-05-21 16:10:01.247,,,,,True,,,,False,,False,,,13,False,False
2446,DK02,HUBLI-HUB,,2026-05-21 16:10:01.247,,,,,True,,,,False,,False,,,13,False,False
2447,DK10,BNGLR,,2026-05-21 16:10:01.247,,,,,True,,,,False,,False,,,,False,False
2448,DM01,BHOPAL-HUB,,2026-05-21 16:10:01.247,,,,,True,,,,False,,False,,,14,False,False
2449,DM02,JABALPUR-HUB,,2026-05-21 16:10:01.247,,,,,True,,,,False,,False,,,14,False,False
2450,DN01,GWHT-RDC,,2026-05-21 16:10:01.247,,,,,True,,,,False,,False,,,3,False,False
2451,DN02,DIBRUGARH RDC,,2026-05-21 16:10:01.247,,,,,True,,,,False,,False,,,3,False,False
2452,DO01,BBSR-RDC,,2026-05-21 16:10:01.247,,,,,True,,,,False,,False,,,19,False,False
2453,DO02,JHARSUGUDA,,2026-05-21 16:10:01.247,,,,,True,,,,False,,False,,,19,False,False
2454,DP01,JALANDHAR-HUB,,2026-05-21 16:10:01.247,,,,,True,,,,False,,False,,,20,False,False
2455,DR01,AJMER-HUB,,2026-05-21 16:10:01.247,,,,,True,,,,False,,False,,,21,False,False
2456,DU05,VARANASI-HUB,,2026-05-21 16:10:01.247,,,,,True,,,,False,,False,,,24,False,False
2457,DU06,LUCKNOW-HUB,,2026-05-21 16:10:01.247,,,,,True,,,,False,,False,,,24,False,False
2458,DU07,MORADABAD HUB,,2026-05-21 16:10:01.247,,,,,True,,,,False,,False,,,24,False,False
2459,DW01,KOLKATA-RDC,,2026-05-21 16:10:01.247,,,,,True,,,,False,,False,,,26,False,False
2460,DW02,KOLKATA-HUB,,2026-05-21 16:10:01.247,,,,,True,,,,False,,False,,,26,False,False
2461,DX01,JAMMU-CITY-HUB,,2026-05-21 16:10:01.247,,,,,True,,,,False,,False,,,11,False,False
2462,HB12,CHPR,,2026-05-21 16:10:01.247,,,,,True,,,,False,,False,,,4,False,False
2463,HB14,BGSR,,2026-05-21 16:10:01.247,,,,,True,,,,False,,False,,,4,False,False
2464,HB18,KSNGNJ,,2026-05-21 16:10:01.247,,,,,True,,,,False,,False,,,,False,False
2465,HB23,LKSR,,2026-05-21 16:10:01.247,,,,,True,,,,False,,False,,,,False,False
2466,HB25,BUXAR,,2026-05-21 16:10:01.247,,,,,True,,,,False,,False,,,4,False,False
2467,HB27,MZFPR,,2026-05-21 16:10:01.247,,,,,True,,,,False,,False,,,4,False,False
2468,HB28,BGSR-2,,2026-05-21 16:10:01.247,,,,,True,,,,False,,False,,,4,False,False
2469,HB40,BUXAR (CIVIL LINES),,2026-05-21 16:10:01.247,,,,,True,,,,False,,False,,,4,False,False
2470,HB49,PATNA CITY-(SADIKPUR),,2026-05-21 16:10:01.247,,,,,True,,,,False,,False,,,4,False,False
2471,HD16,MHPL,,2026-05-21 16:10:01.247,,,,,True,,,,False,,False,,,6,False,False
2472,HD17,KRB,,2026-05-21 16:10:01.247,,,,,True,,,,False,,False,,,,False,False
2473,HD18,RJR-GDN,,2026-05-21 16:10:01.247,,,,,True,,,,False,,False,,,,False,False
2474,HD19,K-NGR,,2026-05-21 16:10:01.247,,,,,True,,,,False,,False,,,,False,False
2475,HD21,NJF,,2026-05-21 16:10:01.247,,,,,True,,,,False,,False,,,,False,False
2476,HD23,KPSHR-2,,2026-05-21 16:10:01.247,,,,,True,,,,False,,False,,,6,False,False
2477,HE10,HYD,,2026-05-21 16:10:01.247,,,,,True,,,,False,,False,,,,False,False
2478,HH12,FBD,,2026-05-21 16:10:01.247,,,,,True,,,,False,,False,,,9,False,False
2479,HJ16,DLTNGNJ,,2026-05-21 16:10:01.247,,,,,True,,,,False,,False,,,12,False,False
2480,HK06,UDUPI,,2026-05-21 16:10:01.247,,,,,True,,,,False,,False,,,13,False,False
2481,HK09,DVNGR,,2026-05-21 16:10:01.247,,,,,True,,,,False,,False,,,,False,False
2482,HL01,ANAND (GUJARAT),,2026-05-21 16:10:01.247,,,,,True,,,,False,,False,,,8,False,False
2483,HL12,MEHSANA(OPTION-1),,2026-05-21 16:10:01.247,,,,,True,,,,False,,False,,,8,False,False
2484,HM27,UJJAIN,,2026-05-21 16:10:01.247,,,,,True,,,,False,,False,,,14,False,False
2485,HN12,GW-2-GNSPR,,2026-05-21 16:10:01.247,,,,,True,,,,False,,False,,,3,False,False
2486,HN32,KOKRAJHAR,,2026-05-21 16:10:01.247,,,,,True,,,,False,,False,,,3,False,False
2487,HO22,KHARIAR,,2026-05-21 16:10:01.247,,,,,True,,,,False,,False,,,19,False,False
2488,HO33,PARALAKHEMUNDI,,2026-05-21 16:10:01.247,,,,,True,,,,False,,False,,,19,False,False
2489,HO34,SEMLIGUDA,,2026-05-21 16:10:01.247,,,,,True,,,,False,,False,,,19,False,False
2490,HO35,HAVERI,,2026-05-21 16:10:01.247,,,,,True,,,,False,,False,,,19,False,False
2491,HP19,MALERKOTLA,,2026-05-21 16:10:01.247,,,,,True,,,,False,,False,,,20,False,False
2492,HR15,KOTA,,2026-05-21 16:10:01.247,,,,,True,,,,False,,False,,,21,False,False
2493,HR16,UDAIPUR,,2026-05-21 16:10:01.247,,,,,True,,,,False,,False,,,21,False,False
2494,HR21,KOTA,,2026-05-21 16:10:01.247,,,,,True,,,,False,,False,,,21,False,False
2495,HT01,HANAMKONDA,,2026-05-21 16:10:01.247,,,,,True,,,,False,,False,,,22,False,False
2496,HT12,HLDN,,2026-05-21 16:10:01.247,,,,,True,,,,False,,False,,,25,False,False
2497,HT13,HRDWR-1,,2026-05-21 16:10:01.247,,,,,True,,,,False,,False,,,,False,False
2498,HT15,HRDWR-2,,2026-05-21 16:10:01.247,,,,,True,,,,False,,False,,,25,False,False
2499,HU32,GK-1-BNKRD-LGF,,2026-05-21 16:10:01.247,,,,,True,,,,False,,False,,,24,False,False
2500,HU33,VNS,,2026-05-21 16:10:01.247,,,,,True,,,,False,,False,,,,False,False
2501,HU35,AZAM,,2026-05-21 16:10:01.247,,,,,True,,,,False,,False,,,24,False,False
2502,HU37,BHRCH,,2026-05-21 16:10:01.247,,,,,True,,,,False,,False,,,,False,False
2503,HU39,LKNW,,2026-05-21 16:10:01.247,,,,,True,,,,False,,False,,,24,False,False
2504,HU40,STPR,,2026-05-21 16:10:01.247,,,,,True,,,,False,,False,,,24,False,False
2505,HU42,BNGL,,2026-05-21 16:10:01.247,,,,,True,,,,False,,False,,,,False,False
2506,HU43,MAU,,2026-05-21 16:10:01.247,,,,,True,,,,False,,False,,,,False,False
2507,HU46,LKNW-2,,2026-05-21 16:10:01.247,,,,,True,,,,False,,False,,,24,False,False
2508,HU47,FRKHBD,,2026-05-21 16:10:01.247,,,,,True,,,,False,,False,,,,False,False
2509,HU51,LKNW-3,,2026-05-21 16:10:01.247,,,,,True,,,,False,,False,,,,False,False
2510,HU53,FRZBD,,2026-05-21 16:10:01.247,,,,,True,,,,False,,False,,,,False,False
2511,HU56,PAHARIYA,,2026-05-21 16:10:01.247,,,,,True,,,,False,,False,,,24,False,False
2512,HU60,BALLIA,,2026-05-21 16:10:01.247,,,,,True,,,,False,,False,,,24,False,False
2513,HU62,MIRZAPUR,,2026-05-21 16:10:01.247,,,,,True,,,,False,,False,,,24,False,False
2514,HU63,GK-3-BNKRD,,2026-05-21 16:10:01.247,,,,,True,,,,False,,False,,,24,False,False
2515,HU66,JNPR-2,,2026-05-21 16:10:01.247,,,,,True,,,,False,,False,,,24,False,False
2516,HU68,JHANSI,,2026-05-21 16:10:01.247,,,,,True,,,,False,,False,,,24,False,False
2517,HU73,BRLY-2,,2026-05-21 16:10:01.247,,,,,True,,,,False,,False,,,24,False,False
2518,HU75,MRZPR-2,,2026-05-21 16:10:01.247,,,,,True,,,,False,,False,,,24,False,False
2519,HU77,VNS-5(MALDAHIYA),,2026-05-21 16:10:01.247,,,,,True,,,,False,,False,,,24,False,False
2520,HU79,ALLAHABAD (PRAYAGRAJ),,2026-05-21 16:10:01.247,,,,,True,,,,False,,False,,,24,False,False
2521,HU85,ORAI,,2026-05-21 16:10:01.247,,,,,True,,,,False,,False,,,24,False,False
2522,HW10,GRHT,,2026-05-21 16:10:01.247,,,,,True,,,,False,,False,,,,False,False
2523,HW11,HTBGN,,2026-05-21 16:10:01.247,,,,,True,,,,False,,False,,,,False,False
2524,HW12,VIP ROAD,,2026-05-21 16:10:01.247,,,,,True,,,,False,,False,,,,False,False
2525,HW22,BASIRHAT,,2026-05-21 16:10:01.247,,,,,True,,,,False,,False,,,26,False,False
2526,RD04,HO-OLD,,2026-05-21 16:10:01.247,,,,,True,,,,False,,False,,,6,False,False
2527,SEDC,SEDC,,2026-05-21 16:10:01.247,,,,,True,,,,False,,False,,,,False,False
2528,SEST,SEST,,2026-05-21 16:10:01.247,,,,,True,,,,False,,False,,,,False,False
