LOC_CODE,LOC_NAME,DEPT_ID,DEPT_NAME,DESG_ID,DESIGNATION,SUB_DEPT_1,SUB_DEPT_2,SUB_DEPT_3_TO_BE_FILLED,SEATS_MISSING_SD3
DH24,FRKH-NGR-RDC,664,DC-OPS-CONTRACTUAL,1705,CCTV OPERATOR,ADMIN/LP,CCTV,,1
DH24,FRKH-NGR-RDC,664,DC-OPS-CONTRACTUAL,10,ELECTRICIAN,ADMIN/LP,ADMIN,,1
DH24,FRKH-NGR-RDC,664,DC-OPS-CONTRACTUAL,87,HELPER,ADMIN/LP,HOUSEKEEPING,,23
DH24,FRKH-NGR-RDC,664,DC-OPS-CONTRACTUAL,87,HELPER,GATE ENTRY,GATE ENTRY,,13
DH24,FRKH-NGR-RDC,664,DC-OPS-CONTRACTUAL,87,HELPER,GRT,GRT,,46
DH24,FRKH-NGR-RDC,664,DC-OPS-CONTRACTUAL,87,HELPER,INVENTORY,INVENTORY,,7
DH24,FRKH-NGR-RDC,664,DC-OPS-CONTRACTUAL,87,HELPER,LOGISTICS,CLA,,46
DH24,FRKH-NGR-RDC,664,DC-OPS-CONTRACTUAL,87,HELPER,LOGISTICS,CLA HUB,,3
DH24,FRKH-NGR-RDC,664,DC-OPS-CONTRACTUAL,87,HELPER,MSA,MSA REGULAR,,46
DH24,FRKH-NGR-RDC,664,DC-OPS-CONTRACTUAL,87,HELPER,MSA,PTL PICKING,,9
DH24,FRKH-NGR-RDC,664,DC-OPS-CONTRACTUAL,87,HELPER,NON TRADING,NON TRADING,,1
DH24,FRKH-NGR-RDC,664,DC-OPS-CONTRACTUAL,87,HELPER,PROJECT,PROJECT,,5
DH24,FRKH-NGR-RDC,664,DC-OPS-CONTRACTUAL,87,HELPER,PUTAWAY,PUTAWAY,,31
DH24,FRKH-NGR-RDC,664,DC-OPS-CONTRACTUAL,87,HELPER,QUALITY,QUALITY,,10
DH24,FRKH-NGR-RDC,664,DC-OPS-CONTRACTUAL,87,HELPER,RECEIVING,GM DIVISION,,13
DH24,FRKH-NGR-RDC,664,DC-OPS-CONTRACTUAL,87,HELPER,RECEIVING,KIDS  DIV,,9
DH24,FRKH-NGR-RDC,664,DC-OPS-CONTRACTUAL,87,HELPER,RECEIVING,LADIES DIV,,11
DH24,FRKH-NGR-RDC,664,DC-OPS-CONTRACTUAL,87,HELPER,RECEIVING,MENS DIV,,10
DH24,FRKH-NGR-RDC,664,DC-OPS-CONTRACTUAL,87,HELPER,RECEIVING,NON TRADING,,2
DH24,FRKH-NGR-RDC,664,DC-OPS-CONTRACTUAL,90,INTERNAL,ADMIN/LP,LP,,8
DH24,FRKH-NGR-RDC,664,DC-OPS-CONTRACTUAL,1706,LADY.GUARD,ADMIN/LP,LP,,3
DH24,FRKH-NGR-RDC,664,DC-OPS-CONTRACTUAL,1476,SCANNER,GRT,GRT,,8
DH24,FRKH-NGR-RDC,664,DC-OPS-CONTRACTUAL,1476,SCANNER,INVENTORY,INVENTORY,,16
DH24,FRKH-NGR-RDC,664,DC-OPS-CONTRACTUAL,1476,SCANNER,LOGISTICS,CLA,,8
DH24,FRKH-NGR-RDC,664,DC-OPS-CONTRACTUAL,1476,SCANNER,MSA,MSA REGULAR,,200
DH24,FRKH-NGR-RDC,664,DC-OPS-CONTRACTUAL,1476,SCANNER,MSA,PTL PICKING,,46
DH24,FRKH-NGR-RDC,664,DC-OPS-CONTRACTUAL,1476,SCANNER,PUTAWAY,PUTAWAY,,24
DH24,FRKH-NGR-RDC,664,DC-OPS-CONTRACTUAL,1476,SCANNER,RECEIVING,GM DIVISION,,10
DH24,FRKH-NGR-RDC,664,DC-OPS-CONTRACTUAL,1476,SCANNER,RECEIVING,KIDS  DIV,,10
DH24,FRKH-NGR-RDC,664,DC-OPS-CONTRACTUAL,1476,SCANNER,RECEIVING,LADIES DIV,,8
DH24,FRKH-NGR-RDC,664,DC-OPS-CONTRACTUAL,1476,SCANNER,RECEIVING,MENS DIV,,14
DH24,FRKH-NGR-RDC,664,DC-OPS-CONTRACTUAL,1707,STICHING,MSA,MSA REGULAR,,5
DH24,FRKH-NGR-RDC,664,DC-OPS-CONTRACTUAL,1704,TL,ADMIN/LP,HOUSEKEEPING,,2
DH24,FRKH-NGR-RDC,664,DC-OPS-CONTRACTUAL,1704,TL,FORKLIFT OPS,FORKLIFTER,,8
DH24,FRKH-NGR-RDC,664,DC-OPS-CONTRACTUAL,1704,TL,GATE ENTRY,GATE ENTRY,,5
DH24,FRKH-NGR-RDC,664,DC-OPS-CONTRACTUAL,1704,TL,GRT,GRT,,5
DH24,FRKH-NGR-RDC,664,DC-OPS-CONTRACTUAL,1704,TL,INVENTORY,INVENTORY,,1
DH24,FRKH-NGR-RDC,664,DC-OPS-CONTRACTUAL,1704,TL,LOGISTICS,CLA,,7
DH24,FRKH-NGR-RDC,664,DC-OPS-CONTRACTUAL,1704,TL,LOGISTICS,CLA HUB,,1
DH24,FRKH-NGR-RDC,664,DC-OPS-CONTRACTUAL,1704,TL,MSA,MSA REGULAR,,9
DH24,FRKH-NGR-RDC,664,DC-OPS-CONTRACTUAL,1704,TL,MSA,PTL PICKING,,13
DH24,FRKH-NGR-RDC,664,DC-OPS-CONTRACTUAL,1704,TL,PUTAWAY,PUTAWAY,,3
DH24,FRKH-NGR-RDC,664,DC-OPS-CONTRACTUAL,1704,TL,QUALITY,QUALITY,,5
DH24,FRKH-NGR-RDC,664,DC-OPS-CONTRACTUAL,1704,TL,RECEIVING,GM DIVISION,,4
DH24,FRKH-NGR-RDC,664,DC-OPS-CONTRACTUAL,1704,TL,RECEIVING,KIDS  DIV,,2
DH24,FRKH-NGR-RDC,664,DC-OPS-CONTRACTUAL,1704,TL,RECEIVING,LADIES DIV,,1
DH24,FRKH-NGR-RDC,664,DC-OPS-CONTRACTUAL,1704,TL,RECEIVING,MENS DIV,,2
DH24,FRKH-NGR-RDC,661,DC-OPS-V2,72,DRIVER,CLA & LOGISTICS,FRKH-NGR-RDC,,93
DO01,BBSR-HUB,663,HUB-OPS,72,DRIVER,CLA & LOGISTICS,BBSR-HUB,,3
DR01,AJMER-HUB,663,HUB-OPS,1472,LABOUR,SCM,HUB-OPS,,4
DW01,KOLKATA-RDC,664,DC-OPS-CONTRACTUAL,10,ELECTRICIAN,LP ADMIN,PROJECT,,1
DW01,KOLKATA-RDC,664,DC-OPS-CONTRACTUAL,87,HELPER,CLA,LOGISTICS,,47
DW01,KOLKATA-RDC,664,DC-OPS-CONTRACTUAL,87,HELPER,GRT-PICKING,GRT-PICKING,,11
DW01,KOLKATA-RDC,664,DC-OPS-CONTRACTUAL,87,HELPER,INBOUND,GATE ENTRY,,26
DW01,KOLKATA-RDC,664,DC-OPS-CONTRACTUAL,87,HELPER,INBOUND,QUALITY,,2
DW01,KOLKATA-RDC,664,DC-OPS-CONTRACTUAL,87,HELPER,INBOUND,REC,,31
DW01,KOLKATA-RDC,664,DC-OPS-CONTRACTUAL,87,HELPER,INVENTORY,INVENTORY,,11
DW01,KOLKATA-RDC,664,DC-OPS-CONTRACTUAL,87,HELPER,IT,IT,,1
DW01,KOLKATA-RDC,664,DC-OPS-CONTRACTUAL,87,HELPER,LP ADMIN,PROJECT,,4
DW01,KOLKATA-RDC,664,DC-OPS-CONTRACTUAL,87,HELPER,MSA,MSA,,21
DW01,KOLKATA-RDC,664,DC-OPS-CONTRACTUAL,87,HELPER,MSA,PTL PROCESS,,10
DW01,KOLKATA-RDC,664,DC-OPS-CONTRACTUAL,87,HELPER,NON TRADING,NON TRADING,,1
DW01,KOLKATA-RDC,664,DC-OPS-CONTRACTUAL,87,HELPER,PUTAWAY,PUTAWAY,,20
DW01,KOLKATA-RDC,664,DC-OPS-CONTRACTUAL,1299,HK,LP ADMIN,HK,,16
DW01,KOLKATA-RDC,664,DC-OPS-CONTRACTUAL,90,INTERNAL,LP ADMIN,INTERNAL,,9
DW01,KOLKATA-RDC,664,DC-OPS-CONTRACTUAL,1706,LADY.GUARD,LP ADMIN,SG,,3
DW01,KOLKATA-RDC,664,DC-OPS-CONTRACTUAL,1481,RT OPERATOR,PROJECT,PROJECT,,7
DW01,KOLKATA-RDC,664,DC-OPS-CONTRACTUAL,1476,SCANNER,CLA,LOGISTICS,,4
DW01,KOLKATA-RDC,664,DC-OPS-CONTRACTUAL,1476,SCANNER,GRT-PICKING,GRT-PICKING,,14
DW01,KOLKATA-RDC,664,DC-OPS-CONTRACTUAL,1476,SCANNER,INBOUND,QUALITY,,3
DW01,KOLKATA-RDC,664,DC-OPS-CONTRACTUAL,1476,SCANNER,INBOUND,REC,,87
DW01,KOLKATA-RDC,664,DC-OPS-CONTRACTUAL,1476,SCANNER,INBOUND,REC K MART,,12
DW01,KOLKATA-RDC,664,DC-OPS-CONTRACTUAL,1476,SCANNER,INVENTORY,INVENTORY,,29
DW01,KOLKATA-RDC,664,DC-OPS-CONTRACTUAL,1476,SCANNER,MSA,MSA,,162
DW01,KOLKATA-RDC,664,DC-OPS-CONTRACTUAL,1476,SCANNER,MSA,PTL PROCESS,,17
DW01,KOLKATA-RDC,664,DC-OPS-CONTRACTUAL,1476,SCANNER,NON TRADING,NON TRADING,,12
DW01,KOLKATA-RDC,664,DC-OPS-CONTRACTUAL,1476,SCANNER,PUTAWAY,PUTAWAY,,28
DW01,KOLKATA-RDC,664,DC-OPS-CONTRACTUAL,1704,TL,CLA,ACCOUNTS,,1
DW01,KOLKATA-RDC,664,DC-OPS-CONTRACTUAL,1704,TL,CLA,LOGISTICS,,9
DW01,KOLKATA-RDC,664,DC-OPS-CONTRACTUAL,1704,TL,GRT-PICKING,GRT-PICKING,,3
DW01,KOLKATA-RDC,664,DC-OPS-CONTRACTUAL,1704,TL,INBOUND,GATE ENTRY,,2
DW01,KOLKATA-RDC,664,DC-OPS-CONTRACTUAL,1704,TL,INBOUND,QUALITY,,3
DW01,KOLKATA-RDC,664,DC-OPS-CONTRACTUAL,1704,TL,INBOUND,REC,,12
DW01,KOLKATA-RDC,664,DC-OPS-CONTRACTUAL,1704,TL,INBOUND,REC K MART,,1
DW01,KOLKATA-RDC,664,DC-OPS-CONTRACTUAL,1704,TL,INVENTORY,INVENTORY,,2
DW01,KOLKATA-RDC,664,DC-OPS-CONTRACTUAL,1704,TL,MIS,MIS,,1
DW01,KOLKATA-RDC,664,DC-OPS-CONTRACTUAL,1704,TL,MSA,MSA,,9
DW01,KOLKATA-RDC,664,DC-OPS-CONTRACTUAL,1704,TL,NON TRADING,NON TRADING,,3
DW01,KOLKATA-RDC,664,DC-OPS-CONTRACTUAL,1704,TL,PUTAWAY,PUTAWAY,,3
RD04,HO-OLD,2,LOSS PREVENTION,90,INTERNAL,RH02,,,1
RH01,HO-NEW,377,ADMIN,1497,ADMIN HEAD,FACILITY & OPERATION,,,1
RH01,HO-NEW,377,ADMIN,72,DRIVER,ADMIN - SUPPORT,,,5
RH01,HO-NEW,377,ADMIN,10,ELECTRICIAN,ADMIN - SUPPORT,,,1
RH01,HO-NEW,377,ADMIN,4,EXECUTIVE,MIS,,,2
RH01,HO-NEW,377,ADMIN,4,EXECUTIVE,PO-PAYMENT,,,1
RH01,HO-NEW,377,ADMIN,1495,FUNCTION MANAGER,FACILITY & OPERATION,,,9
RH01,HO-NEW,377,ADMIN,89,HOUSE KEEPING,ADMIN - SUPPORT,,,9
RH01,HO-NEW,377,ADMIN,91,INTERNAL SECURITY,ADMIN - SUPPORT,,,2
RH01,HO-NEW,377,ADMIN,25,MANAGER,FACILITY & OPERATION,,,1
RH01,HO-NEW,377,ADMIN,1101,PEON,ADMIN - SUPPORT,,,1
RH01,HO-NEW,377,ADMIN,111,RECEPTIONIST,ADMIN - SUPPORT,,,3
RH01,HO-NEW,377,ADMIN,9,SR. EXECUTIVE,FACILITY & OPERATION,,,1
RH01,HO-NEW,550,CMD,4,EXECUTIVE,CMD,,,4
RH01,HO-NEW,550,CMD,25,MANAGER,CMD,,,1
RH01,HO-NEW,550,CMD,9,SR. EXECUTIVE,CMD,,,2
RH01,HO-NEW,550,CMD,1660,SR. MANAGER,CMD,,,1
RH01,HO-NEW,6,FINANCE & ACCOUNTS,1030,ASST. MANAGER,AP COMMERCIAL,,,1
RH01,HO-NEW,6,FINANCE & ACCOUNTS,1030,ASST. MANAGER,AP EXPENDITURES,,,1
RH01,HO-NEW,6,FINANCE & ACCOUNTS,1030,ASST. MANAGER,RETAIL FINANCE,,,1
RH01,HO-NEW,6,FINANCE & ACCOUNTS,1041,CFO,FINANCE & ACCOUNTS,,,1
RH01,HO-NEW,6,FINANCE & ACCOUNTS,1055,DGM,FINANCE & ACCOUNTS,,,1
RH01,HO-NEW,6,FINANCE & ACCOUNTS,4,EXECUTIVE,AP COMMERCIAL,,,1
RH01,HO-NEW,6,FINANCE & ACCOUNTS,4,EXECUTIVE,AP EXPENDITURES,,,3
RH01,HO-NEW,6,FINANCE & ACCOUNTS,93,JR. EXECUTIVE,AP EXPENDITURES,,,4
RH01,HO-NEW,6,FINANCE & ACCOUNTS,93,JR. EXECUTIVE,RETAIL FINANCE,,,1
RH01,HO-NEW,6,FINANCE & ACCOUNTS,25,MANAGER,ACCOUNTS PAYABLE,,,1
RH01,HO-NEW,6,FINANCE & ACCOUNTS,25,MANAGER,ACCOUNTS RECEIVABLE,,,1
RH01,HO-NEW,6,FINANCE & ACCOUNTS,25,MANAGER,AP EXPENDITURES,,,2
RH01,HO-NEW,6,FINANCE & ACCOUNTS,25,MANAGER,FINANCE & ACCOUNTS,,,2
RH01,HO-NEW,6,FINANCE & ACCOUNTS,9,SR. EXECUTIVE,AP COMMERCIAL,,,2
RH01,HO-NEW,6,FINANCE & ACCOUNTS,9,SR. EXECUTIVE,AP EXPENDITURES,,,1
RH01,HO-NEW,6,FINANCE & ACCOUNTS,9,SR. EXECUTIVE,RETAIL FINANCE,,,1
RH01,HO-NEW,6,FINANCE & ACCOUNTS,9,SR. EXECUTIVE,TAXATION,,,1
RH01,HO-NEW,394,HR,25,MANAGER,L&D,,,1
RH01,HO-NEW,394,HR,1549,SR. TRAINER,L&D,,,1
RH01,HO-NEW,7,IT,1616,CIO,MGMT,,,1
RH01,HO-NEW,7,IT,69,DEPUTY MANAGER,NON-SAP,,,1
RH01,HO-NEW,7,IT,1058,DEVELOPER,NON-SAP,,,10
RH01,HO-NEW,7,IT,1058,DEVELOPER,SAP,,,2
RH01,HO-NEW,7,IT,4,EXECUTIVE,SAP,,,1
RH01,HO-NEW,7,IT,1414,FUNCTIONAL,SAP,,,5
RH01,HO-NEW,7,IT,1411,INFRA HEAD,NON-SAP,,,1
RH01,HO-NEW,7,IT,1652,IT HEAD,MGMT,,,1
RH01,HO-NEW,7,IT,93,JR. EXECUTIVE,NON-SAP,,,7
RH01,HO-NEW,7,IT,93,JR. EXECUTIVE,NSO SUPPORT,,,2
RH01,HO-NEW,7,IT,99,MANAGEMENT TRAINEE,SAP,,,1
RH01,HO-NEW,7,IT,1677,SAP FUNCTIONAL CONSULTANT,SAP FUNCTIONAL CONSULTANT,,,3
RH01,HO-NEW,7,IT,1653,SAP HEAD,SAP,,,1
RH01,HO-NEW,7,IT,9,SR. EXECUTIVE,IT SUPPORT,,,1
RH01,HO-NEW,7,IT,9,SR. EXECUTIVE,NON-SAP,,,4
RH01,HO-NEW,7,IT,9,SR. EXECUTIVE,PROJECTS,,,1
RH01,HO-NEW,7,IT,9,SR. EXECUTIVE,SAP,,,5
RH01,HO-NEW,11,LEGAL,1030,ASST. MANAGER,CORP LEGAL & CS,,,2
RH01,HO-NEW,11,LEGAL,1030,ASST. MANAGER,LEGAL,,,1
RH01,HO-NEW,11,LEGAL,1551,HEAD CS,LEGAL,,,1
RH01,HO-NEW,2,LOSS PREVENTION,1030,ASST. MANAGER,LOSS PREVENTION,,,1
RH01,HO-NEW,2,LOSS PREVENTION,1584,CCTV HEAD,CCTV,,,1
RH01,HO-NEW,2,LOSS PREVENTION,54,CCTV TECHNICIAN,CCTV,,,2
RH01,HO-NEW,2,LOSS PREVENTION,1550,CLUSTER-LP,BGV,,,4
RH01,HO-NEW,2,LOSS PREVENTION,4,EXECUTIVE,CCTV,,,19
RH01,HO-NEW,2,LOSS PREVENTION,1495,FUNCTION MANAGER,LOSS PREVENTION,,,3
RH01,HO-NEW,2,LOSS PREVENTION,1583,INVETORY HEAD,INVENTORY,,,1
RH01,HO-NEW,2,LOSS PREVENTION,1579,LP HEAD,LOSS PREVENTION,,,1
RH01,HO-NEW,2,LOSS PREVENTION,1582,REGIONAL-LP,BGV,,,1
RH01,HO-NEW,2,LOSS PREVENTION,1582,REGIONAL-LP,LOSS PREVENTION,,,33
RH01,HO-NEW,2,LOSS PREVENTION,9,SR. EXECUTIVE,CCTV,,,5
RH01,HO-NEW,2,LOSS PREVENTION,1581,ZONAL-LP,LOSS PREVENTION,,,4
RH01,HO-NEW,44,MANAGEMENT,55,CEO,MANAGEMENT,,,1
RH01,HO-NEW,44,MANAGEMENT,1487,COO,MANAGEMENT,,,1
RH01,HO-NEW,44,MANAGEMENT,71,DIRECTOR,MANAGEMENT,,,4
RH01,HO-NEW,16,MARKETING,4,EXECUTIVE,CREATIVE,,,1
RH01,HO-NEW,16,MARKETING,4,EXECUTIVE,CRM,,,1
RH01,HO-NEW,16,MARKETING,4,EXECUTIVE,NSO MARKETING,,,2
RH01,HO-NEW,16,MARKETING,83,GENERAL MANAGER,MARKETING,,,1
RH01,HO-NEW,16,MARKETING,25,MANAGER,CREATIVE,,,1
RH01,HO-NEW,16,MARKETING,25,MANAGER,CRM,,,1
RH01,HO-NEW,16,MARKETING,9,SR. EXECUTIVE,CRM,,,1
RH01,HO-NEW,16,MARKETING,9,SR. EXECUTIVE,ECOM,,,1
RH01,HO-NEW,16,MARKETING,1660,SR. MANAGER,DIGITAL MARKETING,,,1
RH01,HO-NEW,16,MARKETING,1660,SR. MANAGER,MARCOM,,,2
RH01,HO-NEW,37,MIS,1030,ASST. MANAGER,CENTRAL HR,,,1
RH01,HO-NEW,37,MIS,1030,ASST. MANAGER,CENTRAL MIS,,,2
RH01,HO-NEW,37,MIS,4,EXECUTIVE,CENTRAL MIS,,,2
RH01,HO-NEW,37,MIS,9,SR. EXECUTIVE,CENTRAL HR,,,1
RH01,HO-NEW,37,MIS,9,SR. EXECUTIVE,CENTRAL MIS,,,3
RH01,HO-NEW,37,MIS,129,VBA DEVELOPER,DEVELOPER,,,1
RH01,HO-NEW,4,NSO,4,EXECUTIVE,EXECUTION,,,3
RH01,HO-NEW,4,NSO,1455,NSO AUDIT HEAD,NSO AUDIT,,,1
RH01,HO-NEW,4,NSO,1433,NSO HEAD,NSO,,,1
RH01,HO-NEW,4,NSO,1582,REGIONAL-LP,NSO AUDIT,,,3
RH01,HO-NEW,47,PLANNING,1030,ASST. MANAGER,CAT PLANNING,,,1
RH01,HO-NEW,47,PLANNING,1030,ASST. MANAGER,PLANNING,,,2
RH01,HO-NEW,47,PLANNING,4,EXECUTIVE,ALLOCATION & REPLANISHMENT,,,1
RH01,HO-NEW,47,PLANNING,4,EXECUTIVE,CAT PLANNING,,,7
RH01,HO-NEW,47,PLANNING,4,EXECUTIVE,UPC-ST PLANNER,,,2
RH01,HO-NEW,47,PLANNING,93,JR. EXECUTIVE,ALLOCATION & REPLANISHMENT,,,1
RH01,HO-NEW,47,PLANNING,99,MANAGEMENT TRAINEE,CAT PLANNING,,,5
RH01,HO-NEW,47,PLANNING,99,MANAGEMENT TRAINEE,PLANNING,,,1
RH01,HO-NEW,47,PLANNING,25,MANAGER,ALLOCATION & REPLANISHMENT,,,1
RH01,HO-NEW,47,PLANNING,9,SR. EXECUTIVE,ALLOCATION & REPLANISHMENT,,,3
RH01,HO-NEW,47,PLANNING,9,SR. EXECUTIVE,CAT PLANNING,,,8
RH01,HO-NEW,47,PLANNING,9,SR. EXECUTIVE,DATA ANALYST,,,5
RH01,HO-NEW,47,PLANNING,9,SR. EXECUTIVE,FUNCTION HEAD,,,1
RH01,HO-NEW,47,PLANNING,9,SR. EXECUTIVE,PLANNING,,,2
RH01,HO-NEW,47,PLANNING,9,SR. EXECUTIVE,UPC-ST PLANNER,,,1
RH01,HO-NEW,47,PLANNING,1660,SR. MANAGER,ALLOCATION & REPLANISHMENT,,,1
RH01,HO-NEW,47,PLANNING,1660,SR. MANAGER,PLANNING,,,1
RH01,HO-NEW,47,PLANNING,1656,UPC ST -PLANNING-HEAD,UPC-ST PLANNER,,,1
RH01,HO-NEW,5,PROJECTS,1030,ASST. MANAGER,CENTRAL,CENTRAL,,1
RH01,HO-NEW,5,PROJECTS,4,EXECUTIVE,EXECUTION,EXECUTION,,2
RH01,HO-NEW,5,PROJECTS,4,EXECUTIVE,EXECUTION,MIS,,1
RH01,HO-NEW,5,PROJECTS,4,EXECUTIVE,PO-PAYMENT,PO-PAYMENT,,1
RH01,HO-NEW,5,PROJECTS,4,EXECUTIVE,PROJECT-PLANNING,PROJECT-PLANNING,,10
RH01,HO-NEW,5,PROJECTS,25,MANAGER,EXECUTION,EXECUTION,,5
RH01,HO-NEW,5,PROJECTS,1554,PROJECT HEAD,EXECUTION,EXECUTION,,1
RH01,HO-NEW,5,PROJECTS,9,SR. EXECUTIVE,PO-PAYMENT,PO-PAYMENT,,2
RH01,HO-NEW,5,PROJECTS,9,SR. EXECUTIVE,PROJECT-PLANNING,PROJECT-PLANNING,,1
RH01,HO-NEW,5,PROJECTS,1660,SR. MANAGER,PROJECT-PLANNING,PROJECT-PLANNING,,1
RH01,HO-NEW,5,PROJECTS,1544,SUPPORT HEAD,CENTRAL,CENTRAL,,1
RH01,HO-NEW,423,SCM,1030,ASST. MANAGER,LOGISTICS,,,3
RH01,HO-NEW,423,SCM,4,EXECUTIVE,DC-OPS,,,1
RH01,HO-NEW,423,SCM,4,EXECUTIVE,HUB-OPS,,,1
RH01,HO-NEW,423,SCM,4,EXECUTIVE,LOGISTICS,,,3
RH01,HO-NEW,423,SCM,85,HEAD,SCM,,,1
RH01,HO-NEW,423,SCM,1573,HUB-CORDINATOR,HUB-OPS,,,3
RH01,HO-NEW,423,SCM,99,MANAGEMENT TRAINEE,HUB-OPS,,,2
RH01,HO-NEW,423,SCM,25,MANAGER,HUB-OPS,,,1
RH01,HO-NEW,423,SCM,25,MANAGER,LOGISTICS,,,2
RH01,HO-NEW,423,SCM,25,MANAGER,SCM,,,1
RH01,HO-NEW,423,SCM,9,SR. EXECUTIVE,DC-OPS,,,1
RH01,HO-NEW,423,SCM,9,SR. EXECUTIVE,HUB-OPS,,,1
RH01,HO-NEW,423,SCM,9,SR. EXECUTIVE,LOGISTICS,,,1
RH01,HO-NEW,423,SCM,1407,TRANSPORT MANAGER,LOGISTICS,,,1
RH01,HO-NEW,665,V2 PATHSHALA,1632,INTERN,V2 PATHSHALA,,,45
RH02,Central,377,ADMIN,5,AC TECHNICIAN,REPAIRE & MAINTINANCE,,,20
RH02,Central,6,FINANCE & ACCOUNTS,4,EXECUTIVE,RETAIL FINANCE,,,1
RH02,Central,6,FINANCE & ACCOUNTS,4,EXECUTIVE,TAXATION,,,1
RH02,Central,6,FINANCE & ACCOUNTS,9,SR. EXECUTIVE,RETAIL FINANCE,,,1
RH02,Central,2,LOSS PREVENTION,1550,CLUSTER-LP,AUDIT,,,1
RH02,Central,2,LOSS PREVENTION,1550,CLUSTER-LP,BANGLORE-DC,,,1
RH02,Central,2,LOSS PREVENTION,1550,CLUSTER-LP,KOLKATA-DC,,,1
RH02,Central,2,LOSS PREVENTION,1550,CLUSTER-LP,NEW SITE VISIT,,,3
RH02,Central,2,LOSS PREVENTION,1550,CLUSTER-LP,RH02,,,1
RH02,Central,2,LOSS PREVENTION,90,INTERNAL,RH02,,,1
RH02,Central,4,NSO,4,EXECUTIVE,DISPLAY,,,67
RH02,Central,4,NSO,25,MANAGER,DISPLAY,,,16
RH02,Central,5,PROJECTS,18,SUPERVISOR,PROJECTS,EXECUTION,,53
