"DatabaseName","SchemaName","TableName","RowCount","ColumnCount","CreatedOn","ModifiedOn"
"AIRECRUIT","dbo","Candidate","0","13","2026-07-06 10:51:32","2026-07-06 10:51:32"
"AIRECRUIT","dbo","InterviewSession","0","16","2026-07-06 10:51:32","2026-07-06 10:51:33"
"AIRECRUIT","dbo","QuestionBank","3","6","2026-07-06 10:51:33","2026-07-06 10:51:33"
"AIRECRUIT","dbo","Requisition","0","13","2026-07-06 10:51:32","2026-07-06 10:51:32"
"AIRECRUIT","dbo","Scorecard","0","13","2026-07-06 10:51:33","2026-07-06 10:51:33"
"AIRECRUIT","dbo","SyncLog","0","10","2026-07-06 10:51:33","2026-07-06 10:51:33"
"HRMS","dbo","AbscondHistory","0","8","2025-10-30 08:37:25","2025-10-30 08:37:25"
"HRMS","dbo","AbscondingTypes","4","3","2025-06-26 09:49:06","2025-10-13 11:08:35"
"HRMS","dbo","ActionFurtherPart","30","11","2025-09-03 11:29:31","2025-10-15 11:51:52"
"HRMS","dbo","ActionMaster","161","10","2025-09-03 11:29:31","2026-08-15 02:00:38"
"HRMS","dbo","activeemp_data_temp","766","2","2025-06-23 14:42:13","2025-09-08 09:47:27"
"HRMS","dbo","activeemp_pradeep","10250","1","2025-06-28 09:24:27","2025-09-08 09:49:09"
"HRMS","dbo","AdditionalPaymentHold","65155","13","2025-11-17 11:25:10","2026-05-30 02:00:16"
"HRMS","dbo","ApplicabilityMaster","8800","13","2025-06-28 09:00:38","2025-09-21 21:55:06"
"HRMS","dbo","ArticleMaster","0","83","2025-07-24 09:18:47","2025-09-08 10:01:32"
"HRMS","dbo","AssignLocationHistory","65217","20","2025-07-22 14:25:06","2026-05-23 02:00:18"
"HRMS","dbo","AssignLocationHistory_BACKUp_12062025","202","7","2025-06-12 10:41:41","2025-09-08 10:05:28"
"HRMS","dbo","ATTENDANCE_PUNCH_DETAIL","1684786","40","2025-10-14 11:40:54","2025-10-14 11:40:54"
"HRMS","dbo","AttendanceCache","17576","89","2025-10-06 11:10:32","2025-10-06 11:10:32"
"HRMS","dbo","AttendanceLatePolicy","2","7","2026-02-06 10:46:55","2026-02-06 10:46:55"
"HRMS","dbo","AttendanceRecord","163012","15","2025-09-17 12:41:24","2026-08-15 02:00:38"
"HRMS","dbo","AuditLog","0","9","2025-07-30 20:39:07","2025-09-08 10:10:52"
"HRMS","dbo","BatchSalaryStatus","5","8","2025-10-28 11:40:18","2025-10-28 11:40:18"
"HRMS","dbo","BGTSEATAssignment","7937","4","2025-06-27 16:30:14","2025-09-08 10:12:21"
"HRMS","dbo","BGTSEATMaster","16520","14","2025-06-27 15:50:45","2026-08-15 02:00:38"
"HRMS","dbo","BgtSeatMaster_08102025","18304","11","2025-10-08 10:21:09","2025-10-08 10:21:09"
"HRMS","dbo","BGTSEATMaster_bACKUP","8830","11","2025-09-11 13:29:37","2025-09-11 13:29:37"
"HRMS","dbo","BGTSEATMASTER_BACKUp_17092025","10740","11","2025-09-17 11:23:08","2025-09-17 11:23:08"
"HRMS","dbo","BGTSEATMaster_DelBak_20260801_125121_Stores1","19","14","2026-08-01 12:51:21","2026-08-01 12:51:21"
"HRMS","dbo","BGTSEATMaster_DelBak_20260805_154343_Stores18","95","14","2026-08-05 15:43:43","2026-08-05 15:43:43"
"HRMS","dbo","BGTSEATMaster_DelBak_20260806_090048_Stores74","2138","14","2026-08-06 09:00:48","2026-08-06 09:00:48"
"HRMS","dbo","BGTSEATMaster_DelBak_20260806_124406_Stores18","113","14","2026-08-06 12:44:06","2026-08-06 12:44:06"
"HRMS","dbo","BGTSEATMaster_DelBak_20260806_151653_Stores3","63","14","2026-08-06 15:16:53","2026-08-06 15:16:53"
"HRMS","dbo","BGTSEATMaster_DelBak_20260806_151809_Stores1","59","14","2026-08-06 15:18:09","2026-08-06 15:18:09"
"HRMS","dbo","BGTSEATMaster_DelBak_20260811_153721_Stores2","229","14","2026-08-11 15:37:21","2026-08-11 15:37:21"
"HRMS","dbo","BGTSEATMaster_DelBak_20260812_141345_Stores2","148","14","2026-08-12 14:13:45","2026-08-12 14:13:45"
"HRMS","dbo","BGTSEATMaster_DelBak_20260814_Stores390","8583","14","2026-08-14 14:48:20","2026-08-14 14:48:20"
"HRMS","dbo","BGTSEATMaster_DelBak_All_20260706_095748","14258","14","2026-07-06 09:57:48","2026-07-06 09:57:48"
"HRMS","dbo","BGTSEATMaster_DelBak_All_20260723_102006","14556","14","2026-07-23 10:20:06","2026-07-23 10:20:06"
"HRMS","dbo","BGTSEATMaster_DelBak_All_20260723_125056","974","14","2026-07-23 12:50:56","2026-07-23 12:50:56"
"HRMS","dbo","BGTSEATMaster_DelBak_Dept36_20260724_094844","11246","14","2026-07-24 09:48:44","2026-07-24 09:48:44"
"HRMS","dbo","BGTSEATMaster_DelBak_Dept381_BM_20260725_141925","219","14","2026-07-25 14:19:26","2026-07-25 14:19:26"
"HRMS","dbo","BGTSEATMaster_DelBak_Dept570_20260724_141732","11553","14","2026-07-24 14:17:32","2026-07-24 14:17:32"
"HRMS","dbo","BGTSEATMaster_DelBak_Dept570_ExRH01_20260725_091858","15309","14","2026-07-25 09:18:59","2026-07-25 09:18:59"
"HRMS","dbo","BGTSEATMaster_DelBak_Dept570_ExRH01_20260803_143424","12614","14","2026-08-03 14:34:46","2026-08-03 14:34:46"
"HRMS","dbo","BGTSEATMaster_DelBak_Dept570_ExRH01RH02_20260803_162253","11922","14","2026-08-03 16:22:54","2026-08-03 16:22:54"
"HRMS","dbo","BGTSEATMaster_DelBak_Dept570_ExRH01RH02_20260804_105139","13634","14","2026-08-04 10:51:39","2026-08-04 10:51:39"
"HRMS","dbo","BGTSEATMaster_DelBak_RH01_BM_20260818","63","14","2026-08-18 13:25:47","2026-08-18 13:25:47"
"HRMS","dbo","BGTSEATMaster_DelBak_RH01_BM_20260818_2","143","14","2026-08-18 14:35:53","2026-08-18 14:35:53"
"HRMS","dbo","BGTSEATMaster_DelBak_RH01_BM_20260819","143","14","2026-08-19 08:29:01","2026-08-19 08:29:01"
"HRMS","dbo","BGTSEATMaster_DelBak_RH01_BM_20260819_2","143","14","2026-08-19 14:08:44","2026-08-19 14:08:44"
"HRMS","dbo","bk_AttendanceRecord_V49052_108022","1","15","2026-06-07 11:45:47","2026-06-07 11:45:47"
"HRMS","dbo","bk_AttRec_V00517_20260728","4","15","2026-07-28 11:28:37","2026-07-28 11:28:37"
"HRMS","dbo","bk_BGTSEATMaster_RH01_RetailOps_20260811","103","14","2026-08-11 15:53:24","2026-08-11 15:53:24"
"HRMS","dbo","bk_EmpSubDeptBackfill_0408_20260611","94","11","2026-06-11 16:23:31","2026-06-11 16:23:31"
"HRMS","dbo","bk_EmpSubDeptBackfill_20260611","64","11","2026-06-11 16:15:17","2026-06-11 16:15:17"
"HRMS","dbo","bk_GeoApp_V00517_20260728","2","14","2026-07-28 11:28:37","2026-07-28 11:28:37"
"HRMS","dbo","bk_LeaveOpeningBalTable_Jul26_20260720","14240","13","2026-07-20 10:48:48","2026-07-20 10:48:48"
"HRMS","dbo","bk_LeaveOpeningBalTable_Jun26_20260720","17009","13","2026-07-20 10:41:14","2026-07-20 10:41:14"
"HRMS","dbo","bk_LOB_Jul26_file2_20260720","67","13","2026-07-20 11:26:55","2026-07-20 11:26:55"
"HRMS","dbo","bk_MultiPunch_V04209_20260728","2","27","2026-07-28 11:39:23","2026-07-28 11:39:23"
"HRMS","dbo","bk_MultiPunch_V17282_20260728","2","27","2026-07-28 11:28:37","2026-07-28 11:28:37"
"HRMS","dbo","bk_MultiPunch_V25134_20260728","2","27","2026-07-28 11:22:40","2026-07-28 11:22:40"
"HRMS","dbo","bk_PageRouteMap_FinanceBank_20260609","2","4","2026-06-09 10:56:23","2026-06-09 10:56:23"
"HRMS","dbo","bk_RegReq_V00517_20260728","2","33","2026-07-28 11:28:37","2026-07-28 11:28:37"
"HRMS","dbo","bk_RegReq_V04209_20260728","3","33","2026-07-28 11:39:23","2026-07-28 11:39:23"
"HRMS","dbo","bk_RegReq_V17282_20260728","2","33","2026-07-28 11:28:37","2026-07-28 11:28:37"
"HRMS","dbo","bk_RegReq_V25134_20260728","2","33","2026-07-28 11:22:40","2026-07-28 11:22:40"
"HRMS","dbo","bk_StoreVisDeny_BulkFix_20260608","684785","11","2026-06-08 09:16:59","2026-06-08 09:16:59"
"HRMS","dbo","bk_tblDesignation_blankcode_20260612","97","5","2026-06-12 12:00:25","2026-06-12 12:00:25"
"HRMS","dbo","bk_tblEmployee_BonusFix_20260715","7","4","2026-07-15 11:35:31","2026-07-15 11:35:31"
"HRMS","dbo","bk_tblSubDepartment_ZONEreactivate_20260722","4","12","2026-07-22 10:57:25","2026-07-22 10:57:25"
"HRMS","dbo","bk_v34688_StoreVisDeny_prod","3584","9","2026-06-05 10:20:06","2026-06-05 10:20:06"
"HRMS","dbo","BonusAndGratutityOpening","274467","8","2025-07-04 15:09:52","2026-08-15 02:00:39"
"HRMS","dbo","BonusProvisioningPolicyMaster","3","9","2025-11-17 09:57:54","2025-11-17 10:55:20"
"HRMS","dbo","BudgetedWeekOffPolicyMaster","19","6","2025-08-07 11:25:51","2025-09-13 09:19:46"
"HRMS","dbo","BudgetWeekoffMaster","8923","10","2025-08-07 12:50:59","2026-07-18 02:00:23"
"HRMS","dbo","BudgetWeekoffMaster_07112025","3012","10","2025-11-07 14:33:34","2025-11-07 14:33:34"
"HRMS","dbo","BulkEmployeeMaster","43","61","2025-04-17 14:43:15","2025-09-08 12:58:44"
"HRMS","dbo","BulkEmployeeMasternew","0","8","2025-05-06 15:38:22","2025-09-08 13:22:46"
"HRMS","dbo","BulkEmployeeMasternewnew","53","10","2025-05-07 08:55:38","2025-09-08 13:45:09"
"HRMS","dbo","Bulkorgdata","7002","5","2025-04-23 09:46:14","2025-09-08 14:53:56"
"HRMS","dbo","BulkRegionMaster","247","3","2025-05-13 11:11:12","2025-09-08 14:57:06"
"HRMS","dbo","Candidate","45871","128","2025-07-23 20:46:19","2026-08-15 02:00:39"
"HRMS","dbo","Candidate_2025_08_05_nik","153","111","2025-08-05 14:58:54","2025-08-05 15:02:16"
"HRMS","dbo","Candidate_BonusApplicable_Backup_20260515","28740","3","2026-05-15 11:38:10","2026-05-15 11:38:10"
"HRMS","dbo","Candidate_History","149295","128","2025-09-09 14:59:00","2026-06-04 14:46:31"
"HRMS","dbo","Candidate_LocBackup_20260523_1145","29378","2","2026-05-23 11:12:32","2026-05-23 11:12:32"
"HRMS","dbo","Candidate_PreLocRemap_20260525_1129","29476","123","2026-05-25 11:31:46","2026-05-25 11:31:46"
"HRMS","dbo","candidate_tracker","218","17","2025-11-18 11:55:24","2025-11-18 11:55:24"
"HRMS","dbo","CandidateProcessStatus","23","2","2025-07-10 10:14:32","2025-09-13 13:18:57"
"HRMS","dbo","CandidateStatus","0","2","2025-05-14 14:08:05","2025-09-13 13:20:17"
"HRMS","dbo","CandidateStatus_History","7731","8","2025-07-11 09:07:14","2026-04-04 02:03:30"
"HRMS","dbo","CandidateStatusHistory","0","9","2025-05-14 14:08:05","2025-09-13 13:36:07"
"HRMS","dbo","CanidateDocs","286126","13","2025-03-18 10:50:43","2026-08-01 02:00:33"
"HRMS","dbo","City","0","3","2025-04-14 13:09:33","2025-10-06 15:47:02"
"HRMS","dbo","Cluster","107","8","2025-06-27 11:22:01","2025-09-13 13:48:30"
"HRMS","dbo","ContractorMasterDetails","20545","36","2026-01-20 09:40:45","2026-01-24 02:05:10"
"HRMS","dbo","Country","1","2","2025-04-14 13:09:03","2025-09-13 13:52:37"
"HRMS","dbo","datahygiene","10688","4","2025-09-18 10:52:54","2025-09-18 10:52:54"
"HRMS","dbo","DepartmentDesignationMapping","107","9","2025-09-29 09:30:06","2025-09-29 09:30:06"
"HRMS","dbo","DevLocationStaging_20260522","461","8","2026-05-22 10:06:55","2026-05-23 02:00:19"
"HRMS","dbo","DtTemp","56","2","2025-05-30 16:50:07","2025-09-13 13:57:12"
"HRMS","dbo","EcodesForWhichNoPFNoESIC","22","4","2025-12-11 10:17:59","2025-12-11 10:17:59"
"HRMS","dbo","EcodesTemp","627","1","2025-12-08 09:45:52","2025-12-08 09:45:52"
"HRMS","dbo","ecodevsecode","55","2","2026-05-01 12:11:34","2026-05-01 12:11:34"
"HRMS","dbo","EcodeWiseBonusProvisioningPolicyMapping","8958","9","2025-11-17 10:12:25","2025-11-17 10:12:25"
"HRMS","dbo","EcodeWiseDeduction","382079","18","2025-12-18 14:35:55","2025-12-18 14:35:55"
"HRMS","dbo","EcodeWiseWeekOffMapping","140","11","2025-11-13 09:46:39","2026-08-15 02:00:39"
"HRMS","dbo","EcodeZoneRegionClusterMapping","85","5","2025-09-26 13:27:14","2026-06-06 02:00:17"
"HRMS","dbo","Emp_Attendance_Format_Detail","8704","65","2025-07-02 10:03:49","2025-07-02 10:03:49"
"HRMS","dbo","emp_leave_bal","8157","3","2025-06-24 16:29:03","2025-09-13 13:58:26"
"HRMS","dbo","emp_manager","238","7","2025-06-30 16:23:17","2025-09-13 14:11:00"
"HRMS","dbo","EmpAttendanceMaster","717776","16","2025-11-29 13:22:27","2026-08-15 02:00:41"
"HRMS","dbo","EmpAttendanceMaster_sakshi","136","16","2026-03-02 16:32:46","2026-03-02 16:32:46"
"HRMS","dbo","EmpAttendanceMaster1","0","13","2025-08-27 11:06:55","2025-09-13 14:28:00"
"HRMS","dbo","EmpAttendanceViewSnapshot","635803","88","2026-03-27 11:27:42","2026-08-15 02:00:43"
"HRMS","dbo","EmpAttendanceViewSnapshot_Daily","317272","86","2025-11-07 13:07:02","2025-11-07 13:07:04"
"HRMS","dbo","EmpAttendanceViewSnapshot05112025","20670","86","2025-11-05 17:37:37","2025-11-05 17:37:37"
"HRMS","dbo","EmpBackgroundVerification","0","8","2026-02-24 14:26:48","2026-02-27 07:55:25"
"HRMS","dbo","EmpDegreeQualification","2","11","2025-06-28 16:57:04","2025-09-13 14:39:14"
"HRMS","dbo","EMPInsert","1000","5","2025-06-13 13:31:47","2025-06-13 13:31:47"
"HRMS","dbo","EmpJoiningReleavingDetails","2","14","2025-06-28 09:00:39","2025-06-28 09:00:39"
"HRMS","dbo","EmpLeaveClosingBalance","876103","5","2025-07-31 15:27:39","2026-02-03 14:32:57"
"HRMS","dbo","EmployeeDateGrid","2889246","35","2025-10-07 11:19:26","2025-10-07 11:19:26"
"HRMS","dbo","EmployeeDateGrid_temp","1577556","35","2025-10-06 10:38:24","2025-11-08 02:00:31"
"HRMS","dbo","EmployeeDocs","0","13","2025-05-20 09:58:47","2025-05-21 12:03:09"
"HRMS","dbo","EmployeeESICUpload","0","17","2026-01-22 13:48:50","2026-01-22 13:48:50"
"HRMS","dbo","EmployeeESICUploadHistory","0","20","2026-01-22 13:48:50","2026-01-22 13:48:50"
"HRMS","dbo","EmployeeFaces","4","4","2025-06-16 11:46:23","2025-06-16 11:46:23"
"HRMS","dbo","EmployeeMapping","69","4","2025-09-19 11:37:48","2025-09-19 11:37:49"
"HRMS","dbo","EmployeePayroll","6757","27","2025-06-17 14:04:44","2025-09-21 21:55:06"
"HRMS","dbo","EmployeePayrollUpload","0","19","2026-01-20 15:18:29","2026-01-20 16:19:15"
"HRMS","dbo","EmployeePayrollUploadHistory","0","20","2026-01-21 08:02:31","2026-01-21 08:02:31"
"HRMS","dbo","EmployeeResignationChecklistMaster","6","10","2025-12-31 15:00:10","2025-12-31 15:00:22"
"HRMS","dbo","EmployeeResignationChecklistResponse","72846","9","2025-12-31 15:00:22","2026-08-15 02:00:43"
"HRMS","dbo","EmployeeShiftHistory","1075","9","2025-12-31 14:58:28","2026-07-25 02:00:22"
"HRMS","dbo","EmployeesHistory","0","29","2025-12-02 13:14:58","2025-12-02 13:15:57"
"HRMS","dbo","EmpPastExperienceDetails","2","15","2025-06-28 09:00:39","2025-06-28 09:00:39"
"HRMS","dbo","EmpPersonalDetails","2","14","2025-06-28 09:00:39","2025-06-28 09:00:39"
"HRMS","dbo","EmpPF","21512","3","2025-12-18 12:55:30","2025-12-18 12:55:30"
"HRMS","dbo","EmpRevisedDeptDesgLocDetails","3","12","2025-06-28 09:00:39","2025-06-28 09:00:39"
"HRMS","dbo","EmpSalaryStatus","9186","7","2025-07-04 14:13:51","2025-07-09 09:45:36"
"HRMS","dbo","EmpSalaryStructure","3","20","2025-06-28 09:00:39","2025-06-28 09:00:39"
"HRMS","dbo","EmpStatutoryDetails","2","16","2025-06-28 09:00:39","2025-06-28 09:00:39"
"HRMS","dbo","EmpTDSTable","26405","16","2025-07-03 09:25:02","2026-08-01 02:00:38"
"HRMS","dbo","EMPTOBEINACTIVE","831","4","2025-06-26 14:29:18","2026-03-28 02:04:24"
"HRMS","dbo","EMPWITHEREPORTINGHEADCODE","610","2","2025-05-29 13:57:39","2025-05-29 13:57:39"
"HRMS","dbo","ET_REPORT_GENERATE_SCHEDULE_MASTER","18","12","2026-03-17 10:12:20","2026-03-17 10:12:20"
"HRMS","dbo","ExcelLocationStaging","11553","5","2025-06-11 16:43:56","2025-06-11 16:43:56"
"HRMS","dbo","ExcelLocationStaging_20260522","542","8","2026-05-22 09:10:26","2026-05-22 09:10:26"
"HRMS","dbo","feb_openingEL_temp_new","9358","3","2026-02-25 21:46:48","2026-02-25 21:46:48"
"HRMS","dbo","FEBopeningEL_temp","2398","3","2026-02-25 21:32:35","2026-02-25 21:32:35"
"HRMS","dbo","FNF_Additions","26713","20","2025-09-12 11:31:53","2026-07-25 02:00:22"
"HRMS","dbo","FNF_Deductions","26713","12","2025-09-12 11:31:53","2026-07-25 02:00:22"
"HRMS","dbo","FNF_Header","26713","6","2025-09-12 11:31:53","2026-08-15 02:00:43"
"HRMS","dbo","FNF_Payment","27017","11","2025-09-12 11:31:53","2026-07-25 02:00:22"
"HRMS","dbo","FNF_Processing","0","2","2026-03-02 10:08:27","2026-03-02 10:08:27"
"HRMS","dbo","GeoAttendanceApproval","81993","14","2026-04-15 10:02:59","2026-08-15 02:00:43"
"HRMS","dbo","GivenToBank","4","12","2025-10-28 16:05:40","2025-10-28 16:05:40"
"HRMS","dbo","GroupMaster","10","8","2025-09-03 10:23:23","2025-09-03 10:23:23"
"HRMS","dbo","GroupWiseStoreCodeMapping","801","9","2026-03-30 15:38:31","2026-08-15 02:00:43"
"HRMS","dbo","hhbh","13034","9","2025-03-20 12:00:17","2025-03-20 12:00:17"
"HRMS","dbo","HO","1027","14","2025-11-03 22:05:20","2025-11-03 22:05:20"
"HRMS","dbo","HolidayMaster","52","11","2025-09-03 10:23:23","2025-09-03 10:23:23"
"HRMS","dbo","HR_DASHBOARD_DATA","381","74","2026-01-28 15:21:52","2026-01-28 15:21:52"
"HRMS","dbo","InsuranceEnrollment","1457","9","2025-06-14 10:46:28","2025-06-14 12:56:59"
"HRMS","dbo","InterviewApprovalLog","116","8","2025-07-29 09:58:18","2026-03-28 02:04:24"
"HRMS","dbo","InterviewBackgroundProcess","0","8","2026-01-29 14:31:49","2026-01-29 14:31:49"
"HRMS","dbo","Interviewer","0","4","2025-05-14 14:08:05","2025-05-14 14:08:05"
"HRMS","dbo","InterviewRounds","0","6","2025-05-14 14:08:05","2025-07-23 20:46:25"
"HRMS","dbo","JD","1","4","2025-05-16 15:31:43","2025-09-12 16:23:25"
"HRMS","dbo","latest_emp_stcd_20250613","88","2","2025-06-13 15:33:25","2025-06-13 15:33:25"
"HRMS","dbo","leave_opening_mar26","10611","3","2026-03-27 11:07:10","2026-03-27 11:07:10"
"HRMS","dbo","LeaveOpeningBalTable","244179","15","2025-06-28 16:55:50","2026-07-25 02:00:22"
"HRMS","dbo","LeaveOpeningBalTable_dummy","26257","13","2025-09-04 12:38:46","2025-09-04 12:38:46"
"HRMS","dbo","LeaveOpeningBalTable_History","63556","15","2025-09-09 15:25:13","2026-07-25 02:00:23"
"HRMS","dbo","LeavingEmployee","850","3","2025-12-20 14:30:15","2025-12-20 14:30:15"
"HRMS","dbo","Location_BAckup_11062025","481","5","2025-06-11 16:48:27","2025-06-11 16:48:27"
"HRMS","dbo","LocationAssignmentNode","0","10","2025-09-20 09:32:30","2025-09-20 09:32:30"
"HRMS","dbo","LocationCategory","4","2","2025-06-19 13:36:07","2025-07-01 11:40:49"
"HRMS","dbo","LocationDesignationPolicyCategory","7","7","2026-02-18 08:53:59","2026-02-18 08:53:59"
"HRMS","dbo","LocationDesignationWeeklyOffHolidayMaster","0","6","2025-06-20 08:56:01","2025-06-20 08:56:01"
"HRMS","dbo","LocationTypeMaster","2","8","2025-09-03 10:23:23","2025-09-03 10:23:23"
"HRMS","dbo","LoginHistories","4838084","9","2025-08-07 16:21:18","2025-08-07 16:21:18"
"HRMS","dbo","LWFPolicyMaster","16","7","2025-08-04 18:32:46","2025-08-04 18:32:46"
"HRMS","dbo","LWFPolicyMaster_Bak_20260724_225347","16","7","2026-07-24 22:53:48","2026-07-24 22:53:48"
"HRMS","dbo","MapNewDeptDesig","199","4","2025-12-26 14:31:31","2025-12-26 14:31:31"
"HRMS","dbo","mar_26_leave_opening","10611","3","2026-03-26 21:03:46","2026-03-26 21:03:46"
"HRMS","dbo","MarketingEmpChecklist","0","14","2025-12-26 10:49:22","2025-12-26 10:49:22"
"HRMS","dbo","MAY_AQ$","54","89","2026-06-12 16:24:06","2026-06-12 16:24:06"
"HRMS","dbo","ModuleMaster","27","8","2025-09-03 11:29:31","2025-09-03 11:29:53"
"HRMS","dbo","monthlytempdec_25","46195","17","2025-12-29 13:56:50","2025-12-29 13:56:50"
"HRMS","dbo","MonthWeekwiseAttendance","189","9","2025-11-01 10:12:31","2025-11-01 10:12:31"
"HRMS","dbo","NewDeptDesig","7797","6","2025-12-26 13:29:07","2025-12-26 13:29:07"
"HRMS","dbo","newemployeemastertemp","719","119","2025-05-21 22:08:51","2025-05-21 22:08:51"
"HRMS","dbo","newemployeemastertemps","719","115","2025-05-28 10:54:23","2025-05-28 10:54:23"
"HRMS","dbo","NewEmpUpdare","11553","5","2025-06-12 14:25:24","2025-06-12 14:25:24"
"HRMS","dbo","OfferLetterEmailStatus","0","6","2025-07-08 11:34:10","2025-07-08 11:34:10"
"HRMS","dbo","PaidByBank","3","12","2025-10-28 16:16:04","2025-10-28 16:20:44"
"HRMS","dbo","PaidInCash","2","12","2025-10-28 16:05:52","2025-10-28 16:05:52"
"HRMS","dbo","PAN_INDIA_OTHER_RM_APPROVED_CASES_csvsheet","1534","14","2025-11-03 23:13:50","2025-11-03 23:13:50"
"HRMS","dbo","PasswordResetTokens","4736","6","2025-07-04 16:35:01","2026-05-23 02:00:21"
"HRMS","dbo","PTPolicyMaster","103","7","2026-04-24 15:55:54","2026-08-15 02:00:43"
"HRMS","dbo","PTPolicyMaster_Bak_20260724_225632","102","7","2026-07-24 22:56:33","2026-07-24 22:56:33"
"HRMS","dbo","PunchRecords","0","3","2025-06-16 11:46:31","2025-06-16 11:46:31"
"HRMS","dbo","RBACNode","12260","10","2025-09-03 11:29:31","2026-08-15 02:00:43"
"HRMS","dbo","ReasonForLeaving","11","2","2025-06-24 10:40:19","2025-06-24 10:40:19"
"HRMS","dbo","RetailEmployee","10693","4","2025-09-20 14:02:34","2025-09-20 14:02:34"
"HRMS","dbo","ReturnByBank","52","11","2025-10-28 13:01:30","2025-10-28 13:01:30"
"HRMS","dbo","ReturnByBankNew","0","12","2025-10-28 16:16:39","2026-03-27 11:45:58"
"HRMS","dbo","SalaryCyclePolicy","3","8","2026-02-17 13:56:40","2026-03-31 09:19:10"
"HRMS","dbo","SalaryEcode","1649","1","2025-11-24 15:33:10","2025-11-24 15:33:10"
"HRMS","dbo","SalaryRunQueue","3408","6","2025-12-22 15:30:31","2025-12-27 02:01:13"
"HRMS","dbo","SepBonus","6343","2","2025-11-26 15:59:35","2025-11-26 15:59:35"
"HRMS","dbo","Shift_Schedule","3","5","2025-04-23 16:07:56","2025-04-23 16:07:56"
"HRMS","dbo","st_st_temp","515","2","2026-04-27 11:44:51","2026-04-27 11:44:51"
"HRMS","dbo","st_state_temp","296","2","2026-05-27 08:40:36","2026-05-27 08:40:36"
"HRMS","dbo","Staging_Employee","0","7","2025-03-20 11:38:41","2025-03-20 11:38:41"
"HRMS","dbo","StagingEmployee","0","86","2025-04-17 14:27:48","2025-04-17 14:27:48"
"HRMS","dbo","State","36","3","2025-04-14 13:09:11","2025-04-14 13:10:49"
"HRMS","dbo","StateMasterWithMinWages","29","3","2025-11-06 13:22:23","2025-12-09 12:57:46"
"HRMS","dbo","StoreLocations","1","21","2025-04-14 13:10:49","2025-06-12 16:18:54"
"HRMS","dbo","StoreMasterBulk","48","29","2025-04-15 17:03:17","2025-04-15 17:06:12"
"HRMS","dbo","StoreRoutingMaster","81","8","2025-08-07 16:23:27","2026-08-15 02:00:43"
"HRMS","dbo","StoreRoutingTransaction","7","6","2025-08-07 16:23:08","2026-05-25 11:10:17"
"HRMS","dbo","StoreRoutingTransactionAttachment","0","3","2025-08-07 16:22:36","2025-08-07 16:24:18"
"HRMS","dbo","Stores","0","13","2025-04-03 10:45:57","2025-04-03 10:45:57"
"HRMS","dbo","StoreStateLinking","734","3","2025-12-20 13:56:59","2026-08-15 02:00:43"
"HRMS","dbo","StoreStateLinking_Bak_20260724_232532","719","3","2026-07-24 23:25:32","2026-07-24 23:25:32"
"HRMS","dbo","StoreStateLinking_Bak_20260725_160151","719","3","2026-07-25 16:01:52","2026-07-25 16:01:52"
"HRMS","dbo","StoreToBeInserted","15","2","2025-06-12 09:41:32","2025-06-12 09:41:32"
"HRMS","dbo","SubModuleMaster","138","9","2025-09-03 11:29:31","2026-08-15 02:00:43"
"HRMS","dbo","sysdiagrams","1","5","2025-08-02 10:27:30","2025-08-02 10:27:30"
"HRMS","dbo","Table_1","163","2","2025-11-19 15:24:56","2025-11-19 15:24:56"
"HRMS","dbo","Table_2","205","3","2025-11-20 11:22:55","2025-11-20 11:22:55"
"HRMS","dbo","Table_Temp","2127","6","2025-11-13 16:44:59","2025-11-13 16:44:59"
"HRMS","dbo","table3","423","3","2025-11-20 14:14:12","2025-11-20 14:14:12"
"HRMS","dbo","tbl_30seplessactive_employees","3708","3","2025-11-10 09:12:11","2025-11-10 09:12:11"
"HRMS","dbo","tbl_30seplessactive_employees_refer","3708","5","2025-11-10 09:34:39","2025-11-10 09:34:39"
"HRMS","dbo","tbl_attendancecount","20700","6","2025-06-25 15:52:16","2025-06-25 15:52:16"
"HRMS","dbo","tbl_calculatePaybledays","204471","24","2025-11-29 13:00:53","2026-08-15 02:00:44"
"HRMS","dbo","TBL_DCEMPLOYEES","896","12","2025-07-08 14:21:46","2025-09-21 21:55:06"
"HRMS","dbo","tbl_ecipf_ecode","11734","3","2025-11-06 14:09:42","2025-11-06 14:09:42"
"HRMS","dbo","tbl_fn_GetMonthlyPunchesRange_productionnewnick_test","27608683","42","2025-11-06 09:32:50","2026-08-15 02:01:41"
"HRMS","dbo","tbl_fn_GetMonthlyPunchesRange_productionnewnick_test_PreBackfill_20260525_1110","22040898","42","2026-05-25 11:12:39","2026-05-25 11:12:39"
"HRMS","dbo","tbl_fn_GetMonthlyPunchesRange_productionnewnick_test_temp","1154875","41","2025-12-29 13:34:22","2025-12-29 13:34:22"
"HRMS","dbo","tbl_fn_MonthlyPunches_PreRegFix_V00128_20260624","30","42","2026-06-24 15:49:50","2026-06-24 15:49:50"
"HRMS","dbo","tbl_Interviewer","7","6","2025-07-11 10:36:34","2025-07-28 13:25:14"
"HRMS","dbo","tbl_InterviewerDetails","0","4","2025-07-11 10:36:52","2025-07-14 11:55:25"
"HRMS","dbo","tbl_KRAKPIMaster","3254","9","2025-06-25 09:30:45","2026-05-23 02:00:47"
"HRMS","dbo","Tbl_Manual_delete_Nikhil","9","120","2025-06-05 10:37:25","2025-06-05 10:37:25"
"HRMS","dbo","tbl_Month_salary","204559","32","2025-06-26 17:27:42","2026-08-15 02:01:42"
"HRMS","dbo","tbl_rahul_esic_pf_temp","43841","5","2025-11-06 14:44:31","2025-11-06 14:44:31"
"HRMS","dbo","TBL_REPORT_DUMP_LIST","37","15","2026-03-17 10:12:20","2026-03-17 10:12:20"
"HRMS","dbo","tblAbscondingReason","5","3","2025-07-02 09:08:06","2025-07-02 09:08:06"
"HRMS","dbo","tblAttendanceCountApproval","3","17","2025-10-01 15:39:38","2025-10-01 15:39:38"
"HRMS","dbo","tblAttendanceCountAttachments","4","7","2025-10-01 15:39:38","2025-10-01 15:39:38"
"HRMS","dbo","tblAttendancePunchLocation","2874169","9","2026-07-13 09:35:08","2026-08-15 02:01:43"
"HRMS","dbo","tblAttendanceRegularizationRequest","102904","33","2025-06-10 09:53:38","2026-08-15 02:01:43"
"HRMS","dbo","tblAttendanceRegularizationRequest_Backup14112025","45452","33","2025-11-14 13:00:46","2025-11-14 13:00:46"
"HRMS","dbo","tblAttendanceRegularizationRequest_nc","2445","33","2025-11-01 09:07:42","2025-11-01 09:07:42"
"HRMS","dbo","tblAttendanceRegularizationRequest_PreDelete_20260523_1230","2","33","2026-05-23 16:31:48","2026-05-23 16:31:48"
"HRMS","dbo","tblAttendanceRegularizationRequest_PreDelete_V00128_20260624","1","33","2026-06-24 15:43:04","2026-06-24 15:43:04"
"HRMS","dbo","tblAttendanceRegularizationRequest05112025","45078","33","2025-11-05 13:28:44","2025-11-05 13:28:44"
"HRMS","dbo","tblBankTransfer","104339","9","2025-06-18 10:01:46","2025-09-21 21:55:06"
"HRMS","dbo","tblBiomaxAttendanceLocationMap","436","9","2026-07-10 13:26:52","2026-08-15 02:01:43"
"HRMS","dbo","tblBlacklistReason","10","3","2025-07-09 10:25:11","2025-07-09 11:36:30"
"HRMS","dbo","tblBlackListTypes","10","2","2025-07-09 10:19:19","2025-07-09 10:19:19"
"HRMS","dbo","tblBonus_Upload","6915","12","2025-12-22 16:53:30","2025-12-22 16:53:30"
"HRMS","dbo","tblCandidateRegistration","215","21","2026-07-23 15:11:43","2026-07-23 15:11:43"
"HRMS","dbo","tblCompany","5","2","2025-05-26 15:08:07","2025-05-28 08:55:17"
"HRMS","dbo","tblCompOff","56","6","2025-07-08 14:43:29","2025-07-08 14:43:29"
"HRMS","dbo","tblCompOffRequest","0","7","2025-03-19 14:35:15","2025-05-21 12:03:08"
"HRMS","dbo","tblContractStatus","5","2","2026-01-16 11:03:54","2026-01-16 11:11:43"
"HRMS","dbo","tblDCAttendance","287","5","2025-06-19 15:22:05","2026-08-15 02:01:43"
"HRMS","dbo","tblDepartment","224","9","2025-03-19 09:03:13","2026-08-15 02:01:43"
"HRMS","dbo","tblDepartment_PreVerify_20260526_0821","127","9","2026-05-26 08:23:27","2026-05-26 08:23:27"
"HRMS","dbo","tblDeptSubDeptDesignationMap","1675","12","2026-06-12 12:00:25","2026-08-15 02:01:43"
"HRMS","dbo","tblDesignation","659","9","2025-03-19 09:03:03","2026-08-15 02:01:43"
"HRMS","dbo","tblDesignation_PreAuditCols_20260526_0818","426","4","2026-05-26 08:21:04","2026-05-26 08:21:04"
"HRMS","dbo","tblEmpAttendance","490396","13","2025-05-26 08:57:04","2025-05-26 08:57:25"
"HRMS","dbo","tblEmpBAckup120620251508","36975","122","2025-06-12 15:06:31","2025-06-12 15:06:31"
"HRMS","dbo","tblEmpESICData","198414","10","2025-06-25 14:42:35","2026-05-23 02:00:48"
"HRMS","dbo","tblEmployee","64883","152","2025-05-21 12:03:01","2026-08-15 02:01:44"
"HRMS","dbo","tblEmployee_2025_08_05_nik","44","133","2025-08-05 13:45:48","2025-08-05 13:47:22"
"HRMS","dbo","tblEmployee_Audit","1","139","2025-07-30 11:06:45","2026-05-06 11:54:07"
"HRMS","dbo","tblEmployee_BAckup_11062025","36951","122","2025-06-11 16:48:03","2025-06-11 16:48:03"
"HRMS","dbo","tblEmployee_BAckup_12062025","36956","122","2025-06-12 10:38:59","2025-06-12 10:38:59"
"HRMS","dbo","tblEmployee_Backup_18092025","42358","139","2025-09-18 11:03:23","2025-09-18 11:03:23"
"HRMS","dbo","tblEmployee_bACKUP_29092025","42987","139","2025-09-29 14:10:31","2025-09-29 14:10:31"
"HRMS","dbo","tblEmployee_BonusApplicable_Backup_20260515","56086","3","2026-05-15 11:09:51","2026-05-15 11:09:51"
"HRMS","dbo","tblEmployee_History","133672029","152","2025-09-09 14:03:37","2026-08-15 02:05:59"
"HRMS","dbo","tblEmployee_LocBackup_20260523_1108","56666","3","2026-05-23 11:00:02","2026-05-23 11:00:02"
"HRMS","dbo","tblEmployee_LocBackup_Apd_20260523_1115","56666","4","2026-05-23 11:02:28","2026-05-23 11:02:28"
"HRMS","dbo","tblEmployee_LocBackup_NewHires_20260523_1130","11527","4","2026-05-23 11:08:44","2026-05-23 11:08:44"
"HRMS","dbo","tblEmployee_Log","1","7","2025-06-28 11:05:27","2025-06-28 11:05:27"
"HRMS","dbo","tblEmployee_MedicalCard","4311","21","2026-06-02 09:29:21","2026-08-01 02:04:39"
"HRMS","dbo","tblEmployee_NC","250","2","2025-10-31 14:21:56","2025-10-31 14:21:56"
"HRMS","dbo","tblEmployee_PreHubDcRemap_20260521","56526","145","2026-05-21 19:06:40","2026-05-21 19:06:40"
"HRMS","dbo","tblEmployee_PreLocRemap_20260521","56524","145","2026-05-21 16:39:22","2026-05-21 16:39:22"
"HRMS","dbo","tblEmployee_PreOrphanReassign_20260522_0438","56554","145","2026-05-22 10:08:44","2026-05-22 10:08:44"
"HRMS","dbo","tblEmployee_PreRestore_20260525_1105","56736","145","2026-05-25 11:10:08","2026-05-25 11:10:08"
"HRMS","dbo","tblEmployee_ShiftId_Backup_20260515","114","5","2026-05-15 11:50:05","2026-05-15 11:50:05"
"HRMS","dbo","tblEmployee_StagingFromXlsx_20260523_1100","56834","7","2026-05-23 10:55:40","2026-05-23 10:55:40"
"HRMS","dbo","tblEmployee_temp","43736","139","2025-11-01 13:08:51","2025-11-01 13:08:51"
"HRMS","dbo","tblEmployee_temp_PreRestore_20260525_1105","43736","139","2026-05-25 11:10:08","2026-05-25 11:10:08"
"HRMS","dbo","tblEmployeeActiveInActiveHistories","19860","14","2025-06-02 10:56:07","2026-08-15 02:05:59"
"HRMS","dbo","tblEmployeeAttendancePayrollCalculation","2","15","2025-06-24 10:30:22","2025-06-24 16:19:43"
"HRMS","dbo","tblEmployeeDeductions","586093","24","2025-06-25 14:32:49","2026-08-15 02:06:00"
"HRMS","dbo","tblEmployeeDetail_temp","43736","125","2025-11-01 13:09:34","2025-11-01 13:09:34"
"HRMS","dbo","tblEmployeeInActiveFiles","11892","9","2025-06-11 14:20:53","2026-05-23 02:34:26"
"HRMS","dbo","tblEmployeeLeaveBalance","100436","35","2025-09-04 09:55:53","2026-08-15 02:06:00"
"HRMS","dbo","tblEmployeeLeaveBalancenewasperportal","74624","35","2025-09-04 15:56:35","2025-11-08 02:00:33"
"HRMS","dbo","tblEmployeeMultiPunches","7013560","29","2025-04-22 14:48:48","2026-08-15 02:06:16"
"HRMS","dbo","tblEmployeeMultiPunches_backup_03062025","2804381","24","2025-06-03 14:11:23","2025-06-03 14:11:23"
"HRMS","dbo","tblEmployeeMultiPunches_Backup14112025","4411517","27","2025-11-14 13:00:34","2025-11-14 13:00:34"
"HRMS","dbo","tblEmployeeMultiPunches_Cleaned","2802247","24","2025-06-03 13:29:05","2025-06-03 13:29:05"
"HRMS","dbo","tblEmployeeMultiPunches_History","0","29","2025-11-29 11:44:21","2026-05-18 08:24:57"
"HRMS","dbo","tblEmployeeMultiPunches_PreClear_V49052_20260528","2","27","2026-05-28 09:21:29","2026-05-28 09:21:29"
"HRMS","dbo","tblEmployeeMultiPunches_PreRegDel_V00128_20260624","1","27","2026-06-24 15:51:58","2026-06-24 15:51:58"
"HRMS","dbo","tblEmployeeMultiPunches_temp","2803972","24","2025-06-03 11:41:59","2025-06-03 11:41:59"
"HRMS","dbo","tblEmployeePayableDays","0","8","2025-06-24 00:10:50","2025-06-24 00:10:50"
"HRMS","dbo","tblEmployeePunches","1319482","6","2025-04-20 21:17:52","2025-07-19 12:44:27"
"HRMS","dbo","tblEmployeeRole","64616","7","2025-03-18 11:45:17","2026-08-15 02:06:16"
"HRMS","dbo","tblEmployeeRole_temp","43646","7","2025-11-05 13:22:59","2025-11-05 13:22:59"
"HRMS","dbo","tblEmployeeSalaryAddons","3","13","2025-06-23 11:16:34","2025-06-23 11:16:34"
"HRMS","dbo","tblEmployeeSepration","4236","20","2025-09-15 14:47:38","2026-08-15 02:06:16"
"HRMS","dbo","tblEmployeeSepration_AbscondRevoke_Bak_20260624","97","20","2026-06-24 13:16:38","2026-06-24 13:16:38"
"HRMS","dbo","tblEmployeeStroreVisibilityMapping","699159","11","2025-09-19 10:49:26","2026-08-15 02:06:16"
"HRMS","dbo","tblEmpPFData","182907","9","2025-06-25 14:32:13","2026-05-23 02:36:06"
"HRMS","dbo","tblExperience","11807","19","2025-03-18 15:12:10","2026-08-15 02:06:16"
"HRMS","dbo","tblFamily","50723","13","2025-03-18 15:04:19","2026-08-15 02:06:16"
"HRMS","dbo","tblfinalEmployeeMaster","36980","122","2025-06-12 15:40:46","2025-06-12 15:40:46"
"HRMS","dbo","tblfinalstoremaster","251","3","2025-06-12 15:39:50","2025-06-12 15:39:50"
"HRMS","dbo","tblGeofenceAccessWindow","0","10","2026-08-04 08:24:29","2026-08-04 08:24:29"
"HRMS","dbo","tblInActiveStatus","4","8","2025-06-10 15:46:11","2025-06-10 15:48:29"
"HRMS","dbo","tblIncentive","260","15","2025-09-25 13:42:13","2026-08-08 02:02:48"
"HRMS","dbo","tblIncentiveAttachment","77","7","2025-09-25 13:42:17","2026-08-15 02:06:16"
"HRMS","dbo","tblInterviewRounds","1105","9","2025-07-28 16:41:46","2026-05-23 02:36:06"
"HRMS","dbo","tblJobPositions","0","6","2025-08-13 15:33:43","2025-08-13 15:33:43"
"HRMS","dbo","tblLeavePolicy","3","11","2025-03-19 14:34:36","2025-03-19 14:34:36"
"HRMS","dbo","tblLeaveRequest","5799","25","2025-03-18 11:35:59","2026-06-27 02:00:57"
"HRMS","dbo","tblLeaveType","3","2","2025-03-19 10:00:36","2025-03-20 14:59:31"
"HRMS","dbo","tblLocation","796","23","2025-06-27 11:16:12","2026-08-15 02:06:16"
"HRMS","dbo","tblLocation_2025_06_13","267","5","2025-06-13 14:03:57","2025-06-13 14:03:57"
"HRMS","dbo","tblLOcation_BAckup12062025","845","5","2025-06-12 10:19:08","2025-06-12 10:19:08"
"HRMS","dbo","tblLocation_Backup18092025","403","13","2025-09-18 13:35:17","2025-09-18 13:35:17"
"HRMS","dbo","tblLocation_DevStCodes_20260523","461","1","2026-05-23 10:33:20","2026-05-30 02:00:57"
"HRMS","dbo","tblLocation_History","6142","23","2025-09-09 15:26:11","2026-05-30 02:00:58"
"HRMS","dbo","tblLocation_PreBulkRecover_20260522_0340","554","21","2026-05-22 09:10:48","2026-05-22 09:10:48"
"HRMS","dbo","tblLocation_PreCsvSync_20260523_1046","556","21","2026-05-23 10:48:32","2026-05-23 10:48:32"
"HRMS","dbo","tblLocation_PreHm54Hm56Radius_20260522_0448","554","21","2026-05-22 10:18:58","2026-05-22 10:18:58"
"HRMS","dbo","tblLocation_PreRestore_20260525_1105","562","21","2026-05-25 11:10:08","2026-05-25 11:10:08"
"HRMS","dbo","tblLocation_PreRh02Recover_20260522_0453","554","21","2026-05-22 10:23:32","2026-05-22 10:23:32"
"HRMS","dbo","tblLocation_PreRollback_20260522_0343","612","21","2026-05-22 09:13:24","2026-05-22 09:13:24"
"HRMS","dbo","tblLocation_PreUpcGeofenceFlag_20260522_0352","554","21","2026-05-22 09:22:55","2026-05-22 09:22:55"
"HRMS","dbo","tblLocation_PreV2sMissRecover_20260522_0517","555","21","2026-05-22 10:47:18","2026-05-22 10:47:18"
"HRMS","dbo","tblLocation_PreVww01Recover_20260522_0301","553","21","2026-05-22 08:31:13","2026-05-22 08:31:13"
"HRMS","dbo","tblLocation_StagingFromCsv_20260523","557","21","2026-05-23 10:28:15","2026-05-23 10:28:15"
"HRMS","dbo","tblLocationBackup","287","10","2025-06-27 15:02:33","2025-06-27 15:02:33"
"HRMS","dbo","tblLocationBAckup120620251508","706","5","2025-06-12 15:07:24","2025-06-12 15:07:24"
"HRMS","dbo","tblLocationDepartmentMapping","0","9","2025-12-26 15:14:13","2025-12-26 15:14:13"
"HRMS","dbo","tblLocationDesignationPolicy","893","19","2026-02-23 09:34:37","2026-08-15 02:06:16"
"HRMS","dbo","tblLocationDesignationPolicyBackup_2025_02_09","137","17","2026-02-09 12:39:51","2026-02-09 12:39:51"
"HRMS","dbo","tblLocationDesignationPolicyHistory","98","16","2026-02-09 08:57:30","2026-08-15 02:06:16"
"HRMS","dbo","tblLocationDesignationPolicyMonth","105","9","2025-12-27 09:20:48","2025-12-27 09:24:01"
"HRMS","dbo","tblLocationType","4","8","2025-10-07 09:09:52","2025-10-07 09:09:52"
"HRMS","dbo","tblNatureOfWork","10","2","2026-01-16 11:04:54","2026-01-16 11:04:54"
"HRMS","dbo","tblNewCandidateApproval","45849","25","2025-03-21 09:32:34","2026-08-15 02:06:16"
"HRMS","dbo","tblOCRMaster","1","9","2026-01-13 12:44:10","2026-01-13 12:44:10"
"HRMS","dbo","tblOfficialVisitRequest","2","22","2026-08-10 09:55:33","2026-08-10 09:55:33"
"HRMS","dbo","tblPageRouteMap","134","7","2026-05-19 12:52:25","2026-08-15 02:06:16"
"HRMS","dbo","tblPaidByBank","214121","11","2025-06-18 08:51:14","2026-01-21 08:55:03"
"HRMS","dbo","tblPaidByBank_27102025","28157","10","2025-10-27 12:59:18","2025-10-27 12:59:18"
"HRMS","dbo","tblPaidInCash","749","6","2025-08-02 14:56:19","2025-08-13 09:35:20"
"HRMS","dbo","tblPayments","50370","9","2025-07-03 11:19:33","2026-08-01 02:05:00"
"HRMS","dbo","tblPayments_temp","140","7","2025-10-03 14:32:33","2025-10-03 14:40:25"
"HRMS","dbo","tblPF_Approval","0","12","2025-12-29 11:49:47","2025-12-29 11:49:47"
"HRMS","dbo","tblQualification","100526","12","2025-03-18 15:14:05","2026-08-15 02:06:16"
"HRMS","dbo","tblQuestion","2019","9","2025-06-25 08:42:01","2026-05-23 02:36:07"
"HRMS","dbo","tblRbacNodeAccessLock","0","6","2026-08-04 08:24:29","2026-08-04 08:24:29"
"HRMS","dbo","tblRefrences","2019","11","2025-06-25 08:42:01","2026-05-23 02:36:07"
"HRMS","dbo","tblRegion","126","3","2025-05-13 09:45:54","2025-07-01 11:39:51"
"HRMS","dbo","tblRegularizeAccessWindow","60","10","2026-08-04 08:24:29","2026-08-04 08:24:29"
"HRMS","dbo","tblRequestTypes","3","3","2025-06-09 09:26:50","2025-06-10 09:53:39"
"HRMS","dbo","tblRescheduleLogs","0","12","2025-07-30 15:29:33","2025-07-30 15:29:33"
"HRMS","dbo","tblResignationType","10","2","2025-06-24 15:37:55","2025-09-15 14:47:38"
"HRMS","dbo","tblRetention","131","17","2026-02-03 13:00:58","2026-08-15 02:06:16"
"HRMS","dbo","tblRetentionBonus","0","16","2025-11-24 11:13:45","2025-11-24 11:13:45"
"HRMS","dbo","tblReturnByBank","268","9","2025-06-25 09:38:28","2026-08-15 02:06:16"
"HRMS","dbo","tblRole","37","13","2025-09-03 11:07:55","2025-09-03 11:08:00"
"HRMS","dbo","tblSalaryProcess","55","91","2026-02-05 08:45:31","2026-02-05 08:45:31"
"HRMS","dbo","tblSalaryProcess_PreVww01Apr26Upsert_20260522_0830","0","91","2026-05-22 14:00:25","2026-05-22 14:00:25"
"HRMS","dbo","tblScheduleInterview","1097","16","2025-07-28 16:20:50","2026-03-28 02:05:46"
"HRMS","dbo","tblServiceCategory","9","2","2026-01-16 11:04:25","2026-01-16 11:11:43"
"HRMS","dbo","tblShiftMap","1","8","2025-08-08 10:44:14","2025-08-08 10:44:14"
"HRMS","dbo","tblShiftMaster","12","9","2025-08-07 15:55:48","2025-12-31 14:58:28"
"HRMS","dbo","tblState","297","4","2025-05-13 09:46:04","2026-08-15 02:06:16"
"HRMS","dbo","tblStatus","16","4","2025-03-18 16:21:26","2026-04-15 10:22:26"
"HRMS","dbo","tblStoreBudget","11","11","2025-04-14 13:34:53","2025-08-13 15:33:43"
"HRMS","dbo","tblStrengthsWeaknesses","1348","10","2025-06-25 08:42:01","2026-05-23 02:36:07"
"HRMS","dbo","tblSubDepartment","1654","12","2026-06-04 14:46:31","2026-08-15 02:06:16"
"HRMS","dbo","tblSubModuleAccessLock","0","5","2026-08-04 08:24:29","2026-08-04 08:24:29"
"HRMS","dbo","tblUserEcodeAccess","0","5","2026-08-04 08:24:29","2026-08-04 08:24:29"
"HRMS","dbo","tblUserModuleAccess","0","9","2026-08-04 08:24:29","2026-08-04 08:24:29"
"HRMS","dbo","tblUserStoreAccess","0","5","2026-08-04 08:24:29","2026-08-04 08:24:29"
"HRMS","dbo","tblVendorBankDetails","0","16","2026-01-16 11:11:13","2026-01-16 11:12:11"
"HRMS","dbo","tblVendorComplianceDetails","20545","11","2026-01-16 11:13:48","2026-08-15 02:06:16"
"HRMS","dbo","tblVendorContactDetails","20545","11","2026-01-16 11:13:06","2026-01-16 11:13:06"
"HRMS","dbo","tblVendorMaster","20545","17","2026-01-16 11:11:43","2026-03-21 13:27:36"
"HRMS","dbo","tblZone","18","8","2025-06-27 11:21:58","2025-06-27 11:21:58"
"HRMS","dbo","TEMP_EMP","266","1","2026-02-23 14:32:39","2026-02-23 14:32:39"
"HRMS","dbo","tempCandidateDocs","161","18","2025-07-22 15:59:34","2025-09-21 21:55:09"
"HRMS","dbo","TempEcodes","399","5","2025-05-05 11:45:25","2025-05-05 11:45:25"
"HRMS","dbo","TempEmpAttendance","0","7","2025-04-18 10:10:32","2025-04-18 10:10:32"
"HRMS","dbo","TempEmployeePunches","970356","20","2025-04-22 08:58:10","2025-09-13 21:20:09"
"HRMS","dbo","tempTblEmployee","37","65","2025-07-22 15:58:01","2026-08-15 02:06:16"
"HRMS","dbo","tempTblExperience","38","27","2025-07-22 15:58:47","2025-07-30 08:46:07"
"HRMS","dbo","tempTblFamily","33","21","2025-07-22 15:58:20","2025-07-30 08:45:34"
"HRMS","dbo","tempTblQualification","99","23","2025-07-22 15:59:15","2025-09-21 21:55:09"
"HRMS","dbo","TmpEmployeeUpdate","11213","4","2025-06-02 10:27:40","2025-06-02 10:27:40"
"HRMS","dbo","TmpTbl","39","1","2025-09-29 09:24:58","2025-09-29 09:24:58"
"HRMS","dbo","Trend_data_V2S","21512","141","2026-01-30 15:41:27","2026-01-30 16:09:24"
"HRMS","dbo","TREND_V2R_Emp_DATA","360567","142","2026-01-30 15:25:19","2026-01-30 15:25:19"
"HRMS","dbo","update_emp_store","8826","2","2025-06-23 11:02:46","2025-06-23 11:02:46"
"HRMS","dbo","UserTokenTable","1","9","2025-07-01 15:13:40","2025-07-01 15:44:31"
